ID,PC1,PC2,PC3,PC4,PC5,PC6,PC7,PC8,PC9,PC10,PC11,PC12,PC13,PC14,PC15,PC16,PC17,PC18,PC19,PC20,Label
55,-0.05184170618730205,-0.008741216084557657,0.35311804696415255,0.1077741659260605,0.07431938333495397,0.08992348177467861,0.041468856945669645,0.11136361882479046,0.004759815060848489,0.09809446781144973,0.030307232781006485,-0.1403018785098772,0.06261039091377545,0.027315912284782085,0.09905611186735631,0.06684288951697737,0.03019777532143389,-0.019968140083363176,0.05607610907164477,-0.038615901138082144,1
176,0.0648340393517079,0.010864409543272245,-0.04034059930456294,-0.13121536430078945,-0.08142810321373432,-0.026134481904683995,-0.0005379461098508062,0.012619797587522982,0.014301032448811504,-0.05511787642306092,0.006614757612152386,-0.129135139736986,0.09250428839938213,0.003314456506990588,0.16670207037461546,-0.11121209753444392,-0.07130251968530378,0.15087271948283806,-0.04211827146095857,-0.1446135878235341,2
79,-0.12098402568297487,0.23903761364812706,-0.09988024825360568,0.15055268286303797,-0.02350841678582084,0.06968620187019901,0.0526571061467014,0.07151753775151266,0.02799218246568012,-0.045072322816039026,-0.059839096537944045,0.004829477653441339,-0.017526636545330206,0.04296954086820199,-0.00153907663340098,0.010961658049649844,-0.07989439611327362,0.003101400523854498,0.04293325143747478,0.01436858007338406,1
101,0.00022561414811708526,-0.027772483086564947,-0.08793118634750556,-0.22135847725278973,0.07350758807862262,0.05303379472823664,0.27622137284006243,-0.03103683086468902,-0.4448849614144518,-0.03245425460653874,-0.037608654523342853,-0.002922261184587468,-0.04517345191830902,-0.3111190412386635,-0.041307532912660094,0.4939356936082154,-0.2110131918647702,-0.06914589165585296,-0.21645511543317933,-0.10066214353931821,2
159,0.035447821116502805,0.003403758726966875,-0.042728467588679625,-0.10215664410729444,-0.02786563305469457,-0.006403444295421821,0.04947704657578544,0.029936516406038373,-0.06133581253957731,0.04062453706173207,0.027749213108927823,0.021579745791784368,0.051146060592515245,-0.07176062867658808,-0.05928536171351241,-0.038533337063328475,-0.027302039779238604,-0.017957867866498795,-0.14273505674407755,-0.05632090275502305,2
186,0.20066634895155422,-0.06792878600859274,-0.11449544867287507,0.006527956329168075,0.0006019401134193984,-0.0044051532179454,0.19446770407839087,0.16190325892263613,0.2624214112366978,-0.03961142429341328,0.012026211533292567,0.1707471850771049,0.008959560250441647,-0.07084752841536152,0.15829480927161796,0.05287174429267341,-0.020698056016691984,-0.13996665619149126,-0.0034794154212681077,-0.1003249539681161,2
17,-0.058306787784205893,-0.028097538061311562,0.08160396399756645,-0.01460549608316765,0.015807823049648596,-0.02486896452023559,-0.05939643934216758,-0.021349010716873167,-0.009568224574171504,0.02541387575018584,0.03204808683957061,-0.06959530338636796,-0.011317833826681565,-0.1225943964903113,0.31245887335849626,-0.015520486852839065,-0.05640880376081951,0.12798382098446004,-0.1361565010873162,0.15082330312885528,1
44,-0.22309328136173087,0.42801132098694805,-0.2576291135539903,0.21328201522561938,0.02514395996150169,0.04518124908535764,-0.025272717525099887,-0.0004957848973542264,-0.07856677958017873,-0.056080137065106256,-0.10862796449799342,0.01067326403272106,-0.044622841211115837,0.03415356824076417,0.027917719300620092,0.018247367760364976,0.11768248973980028,0.02760195949753605,0.0004244139503891848,0.021826418830145522,1
74,-0.46754742802706684,-0.41673547741543787,-0.11330380429507499,0.08887088221173689,-0.140197862155558,0.03771356519123097,0.03210594164056087,0.019685753690169016,0.01463899020193936,-0.03854430333049437,-0.040936414711718966,-0.0032382464456186407,-0.007376405807932465,0.03138237174033701,-0.0889116038811217,-0.052993607872193704,0.04238429293035022,-0.019883818609181647,0.05447963782983555,-0.029386008280180714,1
58,-0.20601274121232507,-0.1136869354396329,-0.09317209846441485,-0.11641319945798229,0.6463922770020882,-0.17974237652446312,-0.23448570909603755,0.1439945412784809,0.10643450056653302,-0.09433376619787501,-0.03476209653048633,0.02476102127750577,-0.016351114961150246,-0.028611936902826124,-0.11453185117330814,-0.01084070227119157,-0.049451454531259445,0.031154391767211576,0.013656150455434883,0.0006033367466197141,1
76,-0.02736392151823962,0.16333053742494805,-0.04993831804454293,0.06560741515822384,-0.06331983275720476,-0.02895506485383826,-0.013827661573777704,-0.0702002464411142,-0.02896311781051785,-0.1332189084561933,-0.03245797788758094,0.02925932191477507,-0.029338748001581906,-0.016348068921312797,-0.03785728591925317,-0.0923896453613022,0.09928107435910095,0.02007216586182828,-0.05773709324270467,-0.08697932332489362,1
28,-0.061199845787247575,0.051256415954617655,0.2751207509273367,0.10174074739439026,0.06205733198045407,0.09419990218383012,0.027091148669305228,0.07470349607491224,0.0007339858196124299,0.0711468335397994,-0.02914142299033316,-0.021959245378549694,0.03512244927607033,0.012539754234269757,0.14409771884199915,-0.01923721543521813,-0.0061466840053060415,-0.00931516705211131,0.01426455203737812,0.10080830676691982,1
102,0.084796659883064,-0.022968873580374062,-0.015988114731706964,-0.0825825128562613,-0.03521911561870399,-0.10004430176663955,-0.026318602644351093,-0.19260962435814352,0.08536558330965341,-0.2065253477971169,0.1350159337461474,-0.20762504370124582,-0.07736041481808148,-0.03364441205948734,-0.06126735591491381,0.059766531318524135,0.4483072026477375,-0.19471176164152706,-0.051643255581116064,-0.1326633013781094,2
132,0.20617479421220578,-0.06471197183458825,-0.060952217842941636,0.04431656430435981,-0.05268406408045836,-0.020173926858814258,0.11353561375969806,0.17184831382968888,0.1730948143359717,-0.1053183291583504,0.1367883540318871,-0.10975982573897274,-0.18047790749229584,-0.045982362167359514,-0.011468488712188139,0.034094866592720825,-0.04030180309453022,-0.01839201261287448,0.14808823850354225,0.07301415764294596,2
164,0.06759130223251754,-0.0014602296058346858,-0.006996681745748228,-0.0985966329886376,-0.04678408218940368,-0.06936183369410352,-0.00596522505416499,-0.06365646601788821,0.02608577833442048,-0.07597873831001312,0.004090705568742976,-0.07344703183486194,0.018399472416026737,0.0029727744857747443,0.01550505129362512,-0.09521884877341057,0.13942336816867545,-0.10482816680731681,-0.12773963174779684,-0.09987448710260592,2
8,-0.03937821075116661,-0.009286838646244234,0.32594537521484784,0.11225058638810291,0.06464145727967475,0.08595558810138886,0.0369571879668243,0.08432698288312333,-0.02119258957463703,0.023941607511308388,0.032640316663295484,-0.13504068941935898,0.0015066802240824534,0.018530433872816374,0.03385597831942362,0.06377341671434476,0.004384240105634909,-0.01462415119530487,0.06727171755248894,-0.05888099543641779,1
14,0.03372449876295078,-0.00047480465887917843,0.41895357446269543,0.1385576819303101,0.025493790015175127,0.09509033416859151,0.03532097570161591,0.08306351147696148,-0.018937492949484068,-0.051243399599487045,0.015467359166710338,-0.008842992428162768,0.014256757562970731,0.05562894342597411,-0.1883705687568399,0.06557521130358816,0.03339663571451131,-0.02995977591405498,0.0030989554154887498,-0.18935321372907127,1
95,-0.12614415440346405,0.05674067170719112,0.05895186199233508,0.03699589309119791,0.005848187118563178,-0.012145196228933376,-0.053870672082155055,-0.06245816645919247,-0.014236270025827797,0.010120758559708872,-0.008900362502825247,-0.008403114915048185,0.00854923068092334,-0.03200360495463622,0.1308969409163929,-0.0814605648515966,-0.005651468201889324,0.013957020577232944,-0.059879124522196826,0.08028769814708013,1
9,-0.006479047399045686,0.03249168335961919,0.39097458688738984,0.1313065094282217,-0.0037957603786785282,0.07345852034686173,-0.006240348327404425,0.07673702540142183,0.01870271073510423,-0.023722957425317052,0.03584988254105222,-0.04297093826436651,0.03749628538607049,0.033807542416309365,-0.14028275801890813,0.03711861656571285,-0.02115422207285851,-0.00037759822596182687,0.030513480938034878,-0.17861777593622793,1
125,0.011311477534882083,0.015047045712183462,-0.04710259136405898,-0.1149164788800248,0.08146976188748728,-0.01699449157077387,0.031534016798428474,-0.1182945398076887,-0.0584826241348266,0.058692840910473734,0.011773159854823525,0.01650659636178379,-0.10799355379554794,0.41931466576265,0.13502472823639283,0.14163974021894957,-0.06032019087790966,0.040332348663323386,0.08518453005843003,-0.1483965699501157,2
91,0.03774614011227548,0.005896663792020342,0.13278240278889247,-0.00423217857736405,-0.028266151047710204,-0.050286759112065774,-0.023674428373312902,-0.07194653740882707,0.030915106087764745,-0.070619164571399,-0.05264833461089862,0.09456224000993571,-0.028346284332534052,-0.03524079801100113,-0.007617314047354761,-0.0007031910535484516,-0.03326876991614074,-0.07609784889429036,-0.008148323871636193,0.06447593526183114,1
65,-0.1831297637039821,-0.12687422290096032,-0.09112193310016192,-0.13183032573611683,0.6196924152464608,-0.18104300052393496,-0.23138968042003016,0.13763305862700195,0.09101656611944496,-0.10167272075889193,-0.0512541567120111,0.03997827710076053,-0.019674876740006335,-0.03129656095923945,-0.09764109593312942,0.013109605444474193,-0.041725694239869854,0.020614419970559128,0.01896797312781053,0.005271804161205659,1
194,0.06498669203202706,-0.0013373980880537794,-0.0032638587045996526,-0.07397327653513161,-0.056012585595525195,-0.05737679409807858,0.01368862454926749,-0.00960529538595327,0.011434595753279535,-0.1441598350443876,0.10776956425805435,-0.22277750187524092,-0.11757708454538235,0.0786548417010461,0.043814204464316164,-0.0822352205877348,-0.10325213520969304,0.0890894389026475,-0.15034394279760302,0.11282309337827415,2
160,0.04465476720649643,0.003939806312283063,-0.04954624978231961,-0.13926242463299474,-0.014054662858376138,0.07213416647126185,-0.01838918996571442,-0.021427426923639296,-0.01442396273590815,0.03362871257686402,0.005140158531554418,-0.0013927603546061362,0.025975260390410336,-0.0819419411831415,-0.03934544973259008,0.04097129185612194,-0.01342535552316413,0.020314264935840817,-0.01955295276077648,-0.04216765777570293,2
192,0.056989927041806374,0.0014051821103264377,0.002915478540590005,-0.11219356212315194,-0.08840489129408258,-0.1297290631008862,-0.03083811750754371,-0.06246600163159479,0.01781056700635917,-0.09992868095985567,-0.015477247873343446,-0.10341760774665498,0.09532860287915496,-0.0004189463803204839,0.1687562014421548,-0.11023439053963337,-0.06759669665598923,0.01740701956374032,0.01633535669727801,-0.20880752208134393,2
16,-0.19357802524867632,0.38816341316191466,-0.161351336972859,0.22191638313387668,-0.021296344303987202,0.034739766974129734,-0.049035865491387984,0.036503450619656486,-0.02959762826595577,-0.08885370150446624,-0.10361058314222704,-0.019055519500085293,-0.028044710824114683,0.012387696613385416,0.02691759373627003,0.019178009275903764,0.1125896730579054,0.056890279704652894,0.008224403647266919,0.009220197089701657,1
80,-0.054670992778893396,0.000966043618691288,0.33855806350980294,0.05134105182631559,0.11786980547216423,0.052608780712823766,-0.01927229964128571,0.035311801198998134,-0.03424121424642419,0.06930818071641008,-0.019242435079320268,-0.1024316314312848,0.12061506942895435,-0.0840891051057395,0.382423771790724,0.017987451727732383,0.07737807876577929,-0.12554986743774754,0.06048910658568234,0.09825123393301578,1
1,-0.4226768837794714,-0.3696251562248828,-0.10445672989884952,0.07521711281413386,-0.16699819089015122,0.0655615884994116,0.04961548276525514,-0.0037175779801198105,0.00834847918012476,-0.005477734030174138,-0.009763154777763738,0.017890182782736765,-0.008112656484322503,0.051864605860427064,-0.03209713739650219,-0.010178677538013808,0.019544768325910875,0.004917937561783672,0.0353859836874955,0.004951558285262324,1
156,0.0659754332034508,-0.0006774673342675812,0.007607760598624184,-0.0499278046839953,-0.04948133629064653,-0.08826509225927301,-0.02308878730521419,-0.15096487473522527,0.0493807218106018,-0.18091640432208267,0.13212153681456307,-0.17575891518866874,-0.05410247555247594,-0.042002099546264104,-0.011683768004526172,0.12152773293760442,0.1223817216786149,-0.0608376457558549,-0.061943817912194235,-0.1557388912883317,2
167,0.019799003417406886,-0.03265866002669192,-0.0957228910226482,-0.23082784731488828,0.0712744305077565,0.06123956784432756,0.2835769784216742,-0.024954024384774124,-0.4411221162232934,-0.04410908605491588,-0.027373350671808752,-0.010783114479480639,-0.06836414435543109,-0.3016762233430289,-0.05544855555940918,0.4831386117729051,-0.22362159868781747,-0.05703921864893922,-0.2076648647959574,-0.077440646358992,2
119,0.31850436106635593,-0.18989947862948384,-0.13392923962321515,0.32561732005320254,0.08477196919546084,0.02873385543816958,-0.04079425950428354,-0.09295022842420589,-0.05981324468161092,0.07759004660200725,-0.01311480308521876,-0.08230633751867425,-0.0158286098597385,0.0027969992949243763,-0.0007967343242133744,0.04456593574817047,-0.03075778302734727,0.018325200895802918,0.06847658078498067,0.1074161326943702,2
114,0.05899440586070608,0.001806938261806846,0.012258350353746235,-0.045992064764694876,-0.02565976477484549,-0.03600240906544594,-0.008170514511017404,-0.028067719706076955,0.008225952129560975,-0.06037271016341658,0.02251400914807025,-0.002955489197454141,0.010020598179303638,-0.03714259341283827,-0.03983298869421145,0.04255756076454021,-0.017485561904826277,-0.03986641882945818,-0.019835915992610118,-0.05874222536767796,2
170,0.054245616807634026,0.008633888246816305,-0.08700225756138794,-0.17925600128786429,0.09451321914466661,0.03778825934850255,0.12378595758655654,-0.08492057416856191,-0.14617679715127851,0.033234969140488554,0.034684156171997126,-0.00687981071013081,-0.18115300926015745,0.5389148565048814,0.12385120765599561,0.04272854934200813,-0.027435010407477953,0.08893633597612718,0.01991147328910508,-0.08509083698108237,2
27,-0.07100167017848105,0.009749469668071189,0.39829259875253664,0.0925218886472331,0.12898999116448318,0.08789576923088563,-0.0019153619844929626,0.07574705559883012,-0.026546063981990126,0.050372521886785725,-0.028336718705533337,-0.08530352692804806,0.09547070987125594,-0.06791319880541737,0.22459236047674686,0.028011340926809764,0.05012453106172133,-0.05928002029994897,0.066548892921648,0.05098545932355635,1
177,0.06875449776177607,0.022173864754549164,-0.007046138139098539,-0.09676096131778655,-0.05322410652969588,-0.046999816024982745,0.02487584986271107,-0.004091196908491174,-0.00687126067133948,-0.05446447374728658,0.07633479865596979,-0.17560746410865063,-0.07466943007035412,0.0932655127804182,0.026963304691268817,-0.10518411593517649,-0.12562096524711838,0.019321397810461657,-0.12496516479859622,0.05862023570748165,2
100,-0.07090224234366091,-0.026957901943908943,0.1261914993746614,-0.0240424650066155,0.030433319869377102,0.03128366216239473,-0.04060585604561586,-0.09120913498430594,0.026161287604072818,0.01821431683567635,-0.023999678989268722,0.09027083338805368,-0.0005856560950570784,-0.006430608200226535,0.12512776691488992,0.030511767814149045,-0.014093584582989937,0.045797038700107796,-0.038625048617708234,0.1873404478615495,1
7,-0.02049024994579118,0.155370144712107,-0.07777439992480688,0.03484709721689463,-0.035658044369937504,-0.02887835622237499,-0.02096023820244786,-0.10147476163781696,-4.064559539543728e-05,-0.02731510137907209,-0.09466031879492508,0.012856410959710239,-0.004672635481708911,-0.04948945329735988,-0.006764805245251897,-0.14237555479016428,-0.01920793920105183,-0.014307381831153574,-0.07402802412241036,-0.05396082140998924,1
127,0.4142809310071522,-0.23428978858591284,-0.22278978630920349,0.3545942052782428,0.1422095357118635,0.14301782305967217,0.0875441907854087,-0.033211895168454485,0.017815019718188167,0.02550114616086118,-0.020911647153904814,0.08815523746558328,0.016031246406913436,0.008924191145403769,0.04469857660419671,-0.043233129254256264,-0.020279169091561612,-0.03921812095470514,-0.033342680409571286,-0.0457479316654431,2
12,-0.05074583444684971,0.05992424940561452,0.2000616771612327,0.0775375891837661,0.0382653861388773,0.09375313854250118,0.09404434572432269,0.1199356935122991,-0.004453327114686438,0.10990030205317575,0.014906852272066966,-0.03453735028630419,0.005457256618487382,0.08741583827486116,-0.09191078012233726,-0.0037011281611152025,-0.010853705887907296,-0.04722979253038608,-0.02199779714193061,-0.007710019484342994,1
20,0.02331451906151926,0.01139464138077784,0.07407556317885408,-0.06907027168365878,0.008618344373086659,-0.01906574864560741,-0.027161432315152972,-0.16200424624242846,0.046806743378351244,-0.012424366902016265,-0.02511483879696665,0.12371449501844581,-0.03330420145840069,0.0028915793977885317,0.03719493692043877,0.06471327366417318,0.03797197201830036,0.030910271709170236,0.0024452508638854284,0.1479676926472943,1
154,0.0526156329130084,0.0021368401349181046,-0.03216242458090386,-0.09652588472428912,-0.031625866502164264,-0.08147170528447185,-0.001241828736326988,-0.025366158537855853,0.0068315669631331104,0.0054178869172869385,-0.04905472613791773,-0.02990440850305676,0.1759235108019018,0.06385355188537599,0.03684377759083593,-0.015044397826837821,-0.024230314126798564,-0.1799375800433122,0.014302443926252484,0.08639780133676844,2
158,0.03429854846259013,-0.012207208159345454,-0.016059683353565234,-0.10754747929658491,-0.027652771033106992,-0.06938555237782537,0.023756714530543288,-0.04958565023747107,-0.05416729888898281,-0.042409539315615453,0.012809272676153852,-0.014225671642139375,0.030359885329859903,0.006604250581502824,0.03303561271404288,-0.1411717113950141,0.047292282796114846,-0.02359294975977851,0.06443758641288172,-0.09104244389066453,2
121,0.16236712064443534,-0.045877884715256265,-0.11984736943275878,-0.06148987198957631,0.02247022003530689,0.06800911705475506,0.24527054632629314,0.11720504276961674,0.1288255519079555,-0.10364531256425778,-0.0031089801490442486,0.1923645647510325,0.22771941301629578,0.0658689381661526,0.01433040893598513,-0.03192946202715945,0.024929002832310327,0.01763072607336719,-0.15049220643930822,0.03368233300156811,2
113,0.031724540008550614,0.023815019806371556,0.024656186690005227,-0.035249162150538145,-0.05207217589838043,-0.050845450948004633,-0.02069789201522059,-0.08948144239661213,0.07275667412077692,-0.05393720905677564,0.015973229331046515,0.047575308862839394,0.06819390353774733,0.022384359621890074,-0.010269280984393224,-0.031717171847506616,-0.12930107844949357,0.06743183022323813,0.043973612356442614,-0.12601701979181215,2
40,0.04267103778261996,0.021547459068730145,-0.0022231377025655166,-0.040865004799559165,-0.06063543108991945,-0.06988166276321282,-0.03879119419090995,-0.10006743889417713,0.04661579372739641,-0.11256061796174359,0.05816166274142696,-0.04879043017729175,0.06229367257571966,-0.049303574336404546,-0.03875135890064292,0.11622173619025292,-0.009191740745430358,0.016000211126402406,-0.04102117495659243,-0.11919149257042796,1
10,-0.01765432486723288,0.07907161264250175,0.07202360765235458,0.006436157200973767,-0.013538251298280865,-0.007241258787155825,0.017781395222811767,-0.06131677298017735,0.09601478445806008,0.05458221249226449,-0.06460031161345756,0.07356401235955362,-0.00984818728255726,-0.06890410530543709,-0.0802121338974053,-0.013424211748055009,-0.22089976981048837,0.03011298792096846,0.19744732575423302,-0.06850964674110907,1
200,0.07280190199672047,0.01045667074185486,-0.04430161543763428,-0.13135498531446296,-0.056101139782993865,0.011241034754441383,0.00021379746161073577,-0.008617056301019797,-0.010774215685113248,-0.043858517715791606,0.009251058759288666,-0.09574759130282895,0.11147405090355002,0.022135416395653133,0.1578369615044694,-0.09659584148033706,-0.028825496783276103,0.19421051177026988,-0.06312227668677528,-0.13882703866904542,2
150,0.09821225261206833,-0.007033791779432906,-0.04646286388615115,-0.124829432670482,-0.0964232746442855,-0.1363761086579106,-0.015046618751211249,0.06517127968194172,-0.05859195658468135,0.0016867767522307873,-0.056746838880181144,-0.036596624772567185,0.19538350845093966,0.056295307346216704,0.017236580942633754,-0.09849854290437719,-0.005317126572704008,-0.20839423964763032,0.0059634069142024525,0.07516740310268268,2
96,-0.21506470663182403,0.4227118820859201,-0.22063346129914285,0.24276415368629553,-0.011008701462136367,0.06778972358334019,-0.048327422397844565,0.002937693787527354,-0.03660478822315792,-0.09577310891825391,-0.1236245901950464,-0.00017649679008677722,-0.02227856097540651,-0.022572710553574214,-0.010559496473453216,-0.02280888865979219,0.11395569656743355,0.011958530833016416,-0.011639073480359,0.020611043435785893,1
161,0.010205649847737383,0.023306236684385053,-0.017743814602866805,-0.09136332806037985,-0.038057649042831064,-0.04485183537910439,-0.01998637287460738,0.009055296032840488,-0.0073739487400832,0.0678467255878549,-0.04942422929283215,-0.09170137134309946,0.050849005523966644,0.023329136963374512,-0.05636421217701825,-0.08125946445262172,-0.024467752703655025,-0.06751462836136639,-0.06887739108423545,-0.02850280079817799,2
63,-0.4661770218878465,-0.41776243949794867,-0.09486685675974761,0.08921399352715821,-0.1857972713527064,0.05723137345530556,0.039758617279189244,0.007963253120100006,0.012875012138376213,-0.024512599349292646,-0.03525018260721027,-0.027902629494909733,-0.014601950581191313,0.03923907145049287,-0.03804886109579379,-0.018068321956827872,0.0026289772245762233,0.007988222765043207,0.018420721195818408,-0.017473518694017327,1
147,0.06047302993182881,-0.004751673462320643,-0.031067015580220556,-0.06516655631342316,0.0075442026795532234,-0.017835720100661107,0.03289336927079092,-0.028602094724172442,-0.019043269762106893,0.0043474823060050604,0.014589552340564695,-0.020613470852662068,0.03247184136240121,0.026005546711295263,0.023131887422836752,-0.006808276435197838,0.032717362334748964,-0.0505842390931006,0.05306364084607299,0.09519096824785377,2
46,-0.12391532210689374,0.13781749452350064,-0.07781440873420059,0.04093160680873443,0.02748616806834839,-0.02991730853409894,0.03166923349377097,-0.04412756568049273,-0.036882732602214564,0.306265444987311,0.36118321531508407,0.05646814504768766,0.031029691433349268,-0.05973093634250582,-0.06426836552579482,0.001165378333913894,0.03949712902377498,0.01659808760460352,-0.00015392960864521094,-0.02802068979500559,1
190,0.059530424135550444,0.0058295577147203315,0.004705044244009783,-0.10485728311266289,-0.09658492508699718,-0.1529212096007979,-0.057937539829208365,-0.03332637942588105,0.01091361658122482,-0.06605285582968468,-0.02769702819651886,-0.05040218818489789,0.06045962007122208,-0.006082372226091604,0.13322205390167263,-0.11003135507788273,-0.06689344584684422,-0.05265843198069303,0.010206012818598302,-0.1812383338139938,2
59,-0.12058369796287831,0.23221593466943904,-0.09644782435245616,0.12006829802885224,-0.006811160762544111,0.018612298140190376,-0.0025697073885372367,0.015818752501915983,-0.007976124690733928,0.013889687585938415,-0.028577328123026085,-0.05022424096659866,-0.006095330683908958,-0.027263815347841662,0.03282247077022653,0.017681438164088677,-0.02062474648555318,0.017331881642287016,0.011062617753677902,0.07971429938400279,1
45,-0.14505705225239585,0.2963488353233157,-0.134748429657346,0.1668469616483352,-0.005066953266340443,0.05529260363655113,0.0046279031656796055,0.04623187371608547,-0.017844352152228373,-0.06481210409299355,-0.07754934673854025,-0.011886528468915492,-0.0072043066884028345,0.02607090885068749,-0.011075724291771916,0.058386286158059866,-0.0960331934087746,-0.07602158328323481,0.01744029456854959,0.007227364762992361,1
111,0.11456446749680063,0.0077919338515373355,-0.14162639528263907,-0.3700069710786058,-0.07828383696552804,0.6893929897706034,-0.44361892958271737,0.05669943109427784,0.049798539080109096,0.06532146715032258,0.002254195731489793,-0.010030247639631054,-0.011134828664082129,-0.028916404306884618,-0.0164805473443238,0.024609186603923094,0.001039635961578637,-0.07176922853798508,0.05841541023856997,-0.020180937083091138,2
82,0.04672087342217704,-0.0026579499739342325,0.09516341052203785,-0.07111359279661723,-0.030896965765655458,-0.08707541578305508,-0.06324431793684404,-0.3081399884546259,0.006409698487138626,-0.11679516226383228,0.009153936900317206,0.3068858033375973,-0.18867698229624852,0.05160725435252914,0.02125237280555769,0.13925567692453722,0.1728717058394529,-0.18566524191606512,0.057625290418235844,0.16892898639735232,1
97,0.005293691932190607,0.020352804896123705,0.09267903558061585,-0.061845921783069926,-0.02373619590187193,-0.02768781811342189,-0.0564073310014688,-0.16714854754197406,0.06679439525166679,0.0563761352495918,-0.07162697068893482,0.1552972203695616,-0.021944907313905714,-0.06151303835282623,0.024548809492854182,-0.020491680655462228,-0.0874529037038015,0.07723085024450572,-0.03629307624416414,0.10025766627041338,1
49,0.038152654430629894,0.025579949131301988,0.19462818669363346,0.038576838701453106,-0.02853012488805431,0.0004257653550080103,-0.019530528781197525,-0.04426052563241613,0.05762089457694558,-0.05122003127327585,-0.04864089326717815,0.11433310644695267,-0.039677002377964614,-0.018938070738906614,-0.14411915062909156,0.024363288174114938,-0.07023931698841412,-0.03279499344306574,0.058658807907807205,0.03401206017861905,1
145,0.10059478234466365,-0.033299774705280026,-0.043283181729844473,-0.004220714982350583,0.0012926800448812186,-0.067520084028562,-0.06667319522527444,-0.10300033173105315,0.005259054805179911,-0.010173077440173433,-0.05244973364350881,-0.04722369166998693,0.04641274613263872,-0.0370284641272155,0.052118829065705995,-0.030910538670531364,-0.011492213504142548,-0.07984041548241179,-0.10880851658542576,-0.09837984751312055,2
180,0.052359932174260757,0.020869654208326566,-0.049818101890497644,-0.1240196137628018,-0.043399021372393404,-0.1499534670615879,0.06249776070987767,-0.01947394698983303,0.12697937049932165,0.41717132562065934,-0.3081931055720395,-0.25860088863918235,0.030749438268017966,0.11658843828827677,-0.19985809110528122,-0.018799892959842166,-0.12363516332329477,-0.3809254562418112,-0.025508513475069352,0.14237748881623263,2
29,-0.13755495434726633,0.15191211374889668,-0.08809175863948067,0.04954622266090416,0.04730054798593979,-0.026912127319853155,0.03543196795852415,-0.03242307806441694,-0.01905720812319194,0.40894813104083483,0.5166048457548975,0.07741375370248224,0.04782204253997826,-0.08931595984704059,-0.10034263503068167,-0.04817872370326999,0.050827196272543215,-0.01201694895038568,0.008392583033764,-0.021197543315048348,1
51,-0.008274085742350569,0.02160091574877958,0.3993671532893003,0.16347170890651277,0.007023140619985942,0.08417476603689995,0.009067217601570964,0.12494807675108027,0.00011779532742996933,0.029986351190732872,0.033763405914671946,-0.08902251784345942,0.01639404183228508,-0.0003888050109680441,-0.06297431181084395,0.03681521388355919,-0.004424286422941605,0.03224164725661518,0.020677214366306346,-0.12746882684894273,1
41,-0.11685291607019913,0.12763694166733155,-0.11635651770391485,0.00933659702418627,0.10257378484877842,-0.010591905154490277,0.01933822461203606,-0.05022719145360126,-0.021079825296415104,0.16383708809732322,0.3146799831543341,0.08002122778937454,0.013174315458117238,-0.0009191969967858642,-0.03606918713766412,0.056075453763152205,0.02806686579823466,-0.01610011745816854,-0.020531399952765084,0.0016204668470072006,1
33,-0.38308383254070155,-0.35809571237250354,-0.08498173920655615,0.05482772979382281,-0.19568876915055258,0.055272194491797016,0.035817116834394085,-0.0042999282506131055,-0.0022099751350177373,0.021324459547482473,-0.03523391007152854,0.054612296661888576,-0.02265202547756014,-0.008881006581170168,-0.016787783707256948,0.03388633105251651,-0.0382301221596583,0.042282057661384834,-0.04087742445806833,0.043352660131688016,1
178,0.1258048181586758,-0.018758709365477976,-0.05928493874747748,0.06715337502577728,-0.02093037283792237,-0.0058366595548614356,0.16944148479031895,0.17930338093641224,0.17552798408868847,-0.04271441684869261,0.05902277147957928,0.13944864158372927,-0.028269160983013505,-0.036531026716324085,0.0570292910944401,0.005628751995547526,-0.04514704832013422,-0.1023909225093521,0.09464809243741437,-0.006909644052988426,2
25,0.02486907132490187,0.05483563925179239,0.0752565484837295,-0.08925641542929393,-0.08763602676225327,-0.13786260445020024,-0.05930989308194515,-0.22498467871188269,0.09423556095897624,0.03173062992663253,-0.08398983987164844,0.14591958010358225,-0.03497697923067882,-0.10445501952423741,-0.07954165193538275,-0.16129717629503476,-0.2081548744971023,0.12786390923639876,0.058618164768096497,-0.1655054099282564,1
163,0.07018297566137802,0.032133982686607596,-0.005522482928055005,-0.053499134249124315,-0.03388869421707587,0.05072174645453727,0.03703845053345054,0.08478889135976855,-0.035246444209813536,-0.04883731216119444,0.004349758666152255,0.021268767796216528,-0.004254193434979502,0.03907882895852876,-0.07596383842069832,-0.07657261780485368,-0.03420370125910921,0.07647983523648774,-0.10584632710047524,0.13184251224293178,2
73,0.0392912458773437,0.02770997535842914,0.15694595681562484,-0.028631889801600984,-0.08903593571178815,-0.08841020689360063,-0.09975960333671459,-0.2657819594088092,0.0811028463799635,-0.048949996945853086,-0.07281674284223212,0.24959949480540825,-0.12459771154949666,-0.0946273775188485,-0.11320311812108297,-0.07081050492566238,-0.1509981415440704,0.0691704109369185,0.11505144615883384,-0.05415259582956793,1
89,-0.2214445218483103,-0.1331884984598998,-0.08687758671496164,-0.0708759460824358,0.42391155642890116,-0.10246396484294566,-0.13126395288670165,0.11148926209016771,0.06287837322684757,-0.055968818689532185,-0.031852704391455405,-0.027058591680930468,-0.008369945279870908,-0.013186407694555745,-0.036281964646554796,-0.03278113192568086,0.01883747015016969,0.038630974928351436,-0.05495945319679959,-0.03697262437095278,1
37,-0.13858929996270158,0.16037533921448927,-0.1066166324815022,0.05982503085991221,0.06352856619504402,0.005318392625149644,0.010505921829905807,-0.012495602724352997,0.00534085192665325,0.10214910329616413,0.22453270458165175,0.05914647806669554,0.00482615708020257,0.01662978311838583,-0.040348014088472196,0.028327806885536738,-0.012465620615041573,-0.0010743348949313388,-0.03898495157734734,-0.021739006558529162,1
126,0.4028354248777143,-0.2633885299075538,-0.17669977145788263,0.4177816112078344,0.10799748925695558,0.04871129028784634,-0.15597396495984545,-0.13326170243470306,-0.2077358272518507,0.05936227476376164,-0.0394993868420325,0.022242519876949023,0.0564890124045151,0.04107490053450527,0.008073254573979073,-0.020820116207516226,-0.003508126044897937,0.024771639049228054,-0.043858252251319195,-0.0295020604662013,2
166,0.0668870067175683,0.008761850104656755,-0.0077910116564351845,-0.06295410213448749,-0.06585660440275484,-0.04891895886634363,0.01823563122396675,-0.0920947447495072,0.12540093753969098,-0.14607471259824684,0.0419665554752468,-0.01016992757097967,0.6016501814734289,0.12291039092103787,-0.15911593486624298,0.2556591245290821,0.05613479811242117,0.21766284215639536,0.09229466303097625,0.19187877790718322,2
77,-0.20086400337740237,0.40028034325766104,-0.19324253086920576,0.24354798588224902,-0.023503747840946828,0.05346117132553732,-0.05227123771934501,0.03883770337666315,-0.021409228390594063,-0.13643411282076917,-0.17191767095671967,-0.03045491159156541,-0.03213308038281204,0.0034046248275620902,-0.019417115702566646,0.014908632983126276,-0.0002854346986980692,-0.005648375059991638,-0.009415744688092005,0.017668856678796557,1
47,-0.4144850273110805,-0.33746505148526446,-0.04730858725056772,0.06021104541377466,-0.16656913286684552,0.04055958036233794,0.04353016081636646,-0.020400823485299417,-0.05105119062604537,-0.008323934564045003,-0.026480572495566235,0.0206447205160182,-0.02860187789705415,-0.04313994533358988,0.014683972404506643,0.062408053671241935,-0.04385587668836216,0.008206746530278693,-0.0646503547931554,0.04135161061605828,1
193,0.058623237472611646,0.017469555339497882,-0.02611075952675904,-0.09429045499995911,-0.004311119374083109,-0.019476097324208845,0.08053690080117198,-0.0095127317232798,-0.017747965068607128,-0.029540289704208484,0.101295159206184,-0.10419587696718458,-0.04917682355282076,0.07439123960306404,0.0011654535205329712,-0.01884512704407348,-0.05195733125566154,0.07045699938263437,-0.09437950439352032,-0.04073108836534584,2
81,0.04836669773569239,-0.00712341232686334,0.13933088856973253,-0.03215318885913513,-0.029098125099997707,-0.07242774044452426,-0.07333156772413625,-0.3136969339696715,0.016404746339536456,-0.13202521625940808,0.0012169879638846554,0.33466136749570763,-0.22104256594794425,0.033708153741318546,-0.00998441814983935,0.140169341755565,0.16464527567255352,-0.17145560055165662,0.06923884363037253,0.20466769081365146,1
110,0.15622093562421263,-0.048590334339687714,0.014098757583918523,0.03949356169269703,-0.3058763774661222,-0.36741396459647657,-0.4029249128083672,0.4643177916640667,-0.2781993411853114,0.06532557240228785,0.044111553492352344,0.1515243976306297,-0.06201373088742005,0.049690563223384825,0.006642664977607151,0.10403546414688612,0.03849754153298719,0.005040246605253604,0.026700820305720442,-0.0011365940749658015,2
175,0.09714508116329777,-0.013209655448545098,-0.004996131355576856,-0.003538641727368193,-0.056360051213865524,-0.07674132881287768,-0.015657537301753698,-0.0752090306557582,0.049003589779490916,-0.11912571904172692,0.04411504518350123,-0.06357504273041381,0.009405638314778744,-0.059703021361444134,-0.01982471013542572,0.030543756474507917,0.1367244844647829,-0.09309567699055854,0.015713652001335322,-0.008490381033159626,2
56,-0.018243796972323454,-0.007242386759169143,0.0441945241461699,-0.06456202050906554,-0.056583753222447616,-0.004625778118325701,-0.036048289942194084,-0.10075578842883685,0.04788471266052027,0.040271114284139486,-0.035489304621349985,0.07309505003368316,-0.038407100579216216,-0.036509124622775654,0.03458582038111881,-0.051957098041841086,-0.029814546233165207,0.19216776345296305,-0.07488129278065551,-0.0093902405256986,1
34,-0.072118120541485,0.049451874712682156,-0.03002154446527842,-0.026684922885665586,0.02193576742713049,-0.02357297468062747,0.020586801767779626,-0.047847073490348786,-0.029597529040314145,0.10584580977663519,0.10924012816085239,0.013287464970234406,0.018441154698688244,-0.016455524826570485,0.14595354826439116,-0.006309209791618463,0.013747986376050465,-0.035897262721900414,-0.022904665641201596,0.1065206365720533,1
116,0.021857669926372225,0.04722770636116223,-0.011741117010527064,-0.0822614851302567,-0.03507605079840618,-0.07966297182615431,0.005444579196465611,-0.04060025457042544,0.0775736514964496,0.11325236195367991,-0.08125336651210666,-0.07307904600783349,0.014403797180599509,0.01623106442193178,-0.02286788465402464,-0.07498309295132222,-0.10484488934089049,-0.03900729534430858,-0.088123947953291,0.01456064918097493,2
195,0.09431408265133633,0.0024711609964451152,-0.002846528499910608,-0.07656678718327252,-0.0559946744873578,-0.024895606575333698,0.03617187100170366,-0.006722034897907372,-0.0013921860382232433,-0.043546375022334875,-0.025900152548957663,-0.008817478506759336,0.08910066736493204,0.0044903265472428676,-0.05250088275578539,-0.1373839019395972,-0.03071895590322958,0.028024715534642277,-0.1304136828252915,-0.009042367917428039,2
184,0.057329969690579616,0.027917649032443044,-0.03222663339167175,-0.12783430228143675,-0.05525227082037707,-0.13754224616672542,0.05452449150489168,-0.010071506657430377,0.18644594316561894,0.4053746109905419,-0.3788295374420699,-0.11651947443617533,-0.13528781631454392,-0.13891810982368122,0.006557531672251222,0.1950994238581396,0.27982048748819754,0.30892781180416745,0.022943658990119797,-0.052761733517792654,2
50,-0.0683972782689774,0.06264029882332046,0.3123669491087558,0.13080099423152636,0.054781972614928925,0.11999565498635942,0.054023162776584886,0.09924031018194676,-0.01707910638357158,0.030126602883000897,0.023319126066732834,-0.10830019995687677,-0.004283009094661497,0.049823019609600026,-0.032365698754965706,0.05174814751006089,-0.06388699179096695,-0.01066458529445288,0.1152713525440459,-0.12970327523891143,1
57,-0.014377605074437468,0.00401965163307532,0.05749187761977998,-0.09305696597590131,0.0959508507502031,0.005271716593419593,0.0601979614650792,-0.11478653934021509,-0.061179251761447936,0.06011136156548021,0.004095645862791644,0.07667349335560826,-0.12082687870194501,0.4640090860996915,0.11972418735256515,0.15654764037851474,-0.023839912164867208,0.032153613151863054,0.11644426856933421,-0.05195282746378562,1
183,0.047133757999425506,0.037686506179602425,-0.04374165844839193,-0.10044467092715874,-0.036884794505463406,-0.12376210075566774,0.05942155892690461,-0.016979893078581366,0.18461934147490006,0.39964906593277777,-0.332804996544267,-0.09705325329576285,-0.13255251623169312,-0.14788784943093472,0.030732197302208185,0.19077856497490092,0.2796355475922914,0.3406808044333041,0.02498346533530733,-0.06371265080045468,2
94,-0.18419613980340985,-0.1282144838217407,0.02622074733840459,-0.03832761253293307,0.2843703349647886,-0.05364187519353567,-0.11117384112971776,0.058080939987366506,0.03950923451246314,-0.026777505556419834,-0.02969624656201778,-0.016576701782634446,0.04849471444441275,-0.07774813869806611,0.14961755587210174,-0.019860763939125354,0.021568766598257173,-0.07264954696627263,0.022931307387308093,0.0656020960551616,1
122,0.08641070260493063,-0.005543430503589543,-0.02743283288438307,-0.07415000460578258,-0.02126687780781546,-0.0594943768608455,0.033991697244468516,-0.05073028944960385,0.07378938361745556,-0.09370705643452368,0.07295106378658216,-0.15955407909949001,-0.052474155944056904,-0.033826490974375525,-0.0791583665632072,-0.0052098104545138905,0.2619781484915497,-0.12635387560018133,-0.021777336803621462,-0.0321782391825509,2
68,-0.16311780320011138,0.35198449905138945,-0.1273748110368871,0.203555679396111,-0.05851473475832109,0.057428705548261814,0.0014467973173745421,0.055092790777084906,0.006603224449014301,-0.12476233465553606,-0.12013177256583084,-0.01822685088296048,0.008442793169114535,0.012002835526082029,-0.01969092187707524,0.05967874601447183,-0.14081619123963215,-0.08860278598963522,0.025679866952852116,-0.00888128229010869,1
169,0.05676602597749558,-0.009166880796994265,-0.006471372647974386,-0.09724632828642493,-0.023776499055465826,-0.08972698427169923,-0.012766670052469517,-0.19148425172199682,0.07757042170092472,-0.1503815549122391,0.09303828017353515,-0.15978942831537388,-0.06736218692949744,-0.03555451562834426,-0.045851530377637305,0.010660365133171913,0.3504787751755261,-0.14150328717455846,-0.054401207300141356,-0.17398247209241258,2
78,-0.19160728219716394,-0.12905827039541967,-0.09032473317161188,-0.12138760882202733,0.6005516793936051,-0.16933959766814563,-0.20941469431209608,0.13986964116938802,0.09151471478990864,-0.08323652435544715,-0.01674247021243862,0.039446272503635076,-0.019278532870929666,-0.01979891793098559,-0.10765499152143722,0.022472141910151962,-0.052872805743648665,0.00561590649255887,0.02622430732110971,-0.0015617111243772482,1
171,0.10425623603365798,-0.008203019874705949,-0.07387657982711103,-0.24277225705666386,0.021984372365027424,0.05972917142457651,0.20503479623947524,0.07558791811534656,-0.32071379136540157,-0.08387909068617429,-0.050347104253517044,0.060864108433864327,0.07672186585946596,-0.007345475060807028,-0.029364265871572738,-0.30137351496030396,0.09092475389701475,0.03293513677809895,0.03127944073150913,0.05669744486166481,2
70,0.05242764729283707,0.003492811717226384,0.2807528512248911,0.016503298732482703,-0.04447185886419195,-0.020721241954639286,-0.06091669227534528,-0.11596097393109177,-0.02800077378275512,-0.08029367655471015,-0.09635368476405426,0.1678136483491608,-0.03944289874676601,-0.06304323718447034,-0.07974682736249167,-0.02401818688944276,0.06292168859070892,-0.044899503453502465,-0.06323266803386024,0.055852332194334935,1
157,0.04733030261467392,-0.005979147905797689,-0.03977930080189325,-0.10024778699197168,0.004859485604300792,-0.02655303246594298,0.03434232391453399,-0.04868093939378878,0.01795528535922974,-0.025971851526138432,0.022628820044111847,0.04297360319708785,-0.010512396572031088,0.005859316586685064,0.01575460927238102,-0.02119389373216065,0.07049182874387641,-0.004178666132671274,-0.0254477190614321,0.004900678750290008,2
155,0.03006112353366703,0.016297233174797233,0.016562144362611914,-0.06655107060064983,-0.04949652212218887,-0.09757545311925403,-0.032759364080718195,-0.06328726758894189,0.0050221492385676015,-0.07077032584995448,0.01844496443376535,-0.06575321237772289,0.1532340473042013,-0.02786401053374921,0.02197007852692397,0.09207591474631574,-0.012038376916682105,0.02134433010888998,-0.014775831810491856,-0.08840484991381074,2
109,0.15082023922911106,-0.05743899531981815,-0.09848442664356714,0.01352222876274286,0.0128771134972036,-0.0026211895659068447,0.2218695339929579,0.23062978681884422,0.19206777791201854,-0.04295156881878861,0.020892924365698194,0.21267222411356065,-0.05620646265266315,-0.02814593596634535,0.09065966318960646,-0.007668836699563643,0.030049381046109564,-0.08299875572994542,0.05161445153145115,-0.07451360998966566,2
6,-0.037747435394747376,-0.005207610363504911,0.45482320642141416,0.06819130407464497,0.09175764319125637,0.06541714212458048,-0.019520264162397504,-0.02617548538982359,-0.08029222818446112,0.009047853242992948,-0.04414762286904142,-0.03209842560948006,0.044346731564787856,-0.1060460527480622,0.2684348292810441,-0.014627723447958586,0.07833252643346955,-0.10572038955782359,0.04021246702530981,0.05214092527907225,1
42,-0.11438849672306235,0.1019521968496778,-0.05978570616937935,0.014499452485205589,0.031804193462805705,-0.03507793105678981,0.041901405919711435,-0.06294425768390409,-0.014590707196698482,0.397731485895404,0.5005048703505951,0.08132920423521565,0.03318376147593665,-0.07347990035247853,-0.087695643428197,-0.06448527823999302,0.029002624236970538,0.007040194954193756,-0.0027685305171511595,-0.041029137403786116,1
99,-0.15398110292830344,0.12596825705296621,-0.07418435807056667,0.04076221289940262,0.015209559950682409,-0.005261815981740167,0.0031169950739898134,-0.06288498984124151,-0.005354060015678881,0.24024002872471195,0.34645986393340616,0.06990049951193306,0.049186107848860405,-0.06934515946551874,-0.05129902811156316,-0.044105071616552464,0.04123422468344088,-0.014477017772677332,0.02041047715202049,0.008086810557509674,1
146,0.12098886504689897,-0.020810240952224862,-0.014605808474817229,0.0117775289483593,-0.039705902971324106,0.0010191520452214014,0.10506646694871105,0.07674682875563502,0.09952589099205685,-0.08653173459857384,0.02421389601893515,0.046318713529702495,0.11602511776959888,-0.0431223978777114,-0.0628785875357542,-0.026931580217600552,-0.017721530849289905,0.04806515529036106,0.06775483722469815,0.03501246464890867,2
86,-0.19136713669884944,0.2949821649840051,-0.16426472656208585,0.1481618832055858,0.008966742136668706,0.014638234914878392,-0.021483641243665134,-0.048268447003178505,-0.01920612050613817,-0.007528450505626332,-0.006736573207013477,0.004216118115159052,0.014392588388654017,-0.054952336204336,-0.017573296211506204,-0.09621240042509763,0.02261829788141838,-0.02811467166312802,-0.00622546816666307,-0.01788601434487536,1
39,0.003362724130356604,0.034547050816587065,0.05752323537022281,-0.07354226513742869,-0.05916217247063339,-0.09300593266436674,-0.046682443807118834,-0.2119338980835524,0.06580783294664985,0.021433422503164885,-0.00208807166825889,0.13947253097976084,0.006264661614560167,-0.05797285481092436,-0.06318516582911442,-0.10535181276731903,-0.1796362728184034,0.13016053254109017,0.07783574412787486,-0.15534565390168556,1
115,0.08336505883383243,0.0010525135597054985,-0.036315023938709626,-0.0971479569410782,-0.013770269904040445,-0.018483771953277214,0.03426512369637476,0.047119914649054476,-0.039951492858128296,-0.053795803001757,0.007875281793396019,0.013294497693345928,-0.00936499120301207,0.0012156277769036507,-0.020430081343268177,-0.016119210717997205,-0.00598376154645446,-0.026263004188901703,-0.04830946098732943,0.010781282411484688,2
32,-0.008450979527853425,0.04132571158538944,0.1294450454479384,-0.037894356829339386,-0.06733227944387885,-0.07564332829290622,-0.06281519853308007,-0.19056249483333856,0.06286459505815914,0.009855543868092115,-0.09247281642020508,0.12831672832115557,-0.03155464334916167,-0.12528371847258257,-0.08035524149838391,-0.09226011371539335,-0.15904779489462129,0.06907176189624452,0.10722179440047222,-0.06541720450356071,1
143,0.10924704134119258,-0.02165011642730137,-0.04511450323137886,-0.08355702601199268,-0.02198738153417628,0.02412361193725363,0.03426794854478878,0.04041414351804484,0.044245853154854256,0.037835993585530976,-0.04120305763767511,-0.02048088856246255,-0.034061627249252,-0.011602223107405555,-0.09099932688994744,-0.09282119321007161,0.06211866986910446,0.09670172642049832,-0.09136461660875193,0.04497222453542598,2
60,-0.26492277958805915,-0.1815227359226423,-0.003852817512846045,0.03386154505446853,0.0273430333756893,0.010617526549599634,0.0158421702918707,0.016209163568735457,-0.005214434960628866,-0.03560873732279835,0.003709932018980291,-0.04596872819697449,0.02784814373140406,-0.00519506008305433,0.048472336964927434,-0.03259027100273555,0.05468805151960306,-0.053863934701834995,0.03875637908037189,-0.04517042853385107,1
187,0.16406790321830922,-0.026569789058231978,-0.06306250662441559,0.03356692681039796,-0.05035413810674914,-0.017908684896578507,0.12989009886805267,0.18931898349610418,0.19580251911313984,0.10964547033703337,-0.063595331226066,0.054408246342970354,-0.10502439160766094,-0.06214175743674996,0.031100174906806916,0.10087640605298152,0.07207649152318664,0.12147733312455955,0.08007745971336452,-0.027699703715526432,2
13,0.004017913896178172,0.023144665552475678,0.3154584371110438,0.0745685531613644,0.008015918589009541,0.07048879810686778,0.016235892349629917,0.067919497677461,0.004657452540627816,-0.012968645340099234,0.05762588847079715,-0.02739667238664463,0.03093291417132493,0.022104053755626043,-0.1558081737177257,0.032028241730814505,-0.01740250395023066,-0.008485108234677538,0.02322563863581841,-0.22145762592022175,1
103,0.04567265897888633,0.011395649269001317,-0.11279735563501,-0.27824571106921825,0.10787458722854412,0.023899637558902828,0.27616463174803363,0.013618504483382135,-0.4874345354181069,-0.012157144073828336,-0.10535344501471174,-0.0056767465505714034,0.05475433687214018,-0.12970197244806336,-0.01420509110840706,-0.2298870757830563,0.13209116064586676,0.04753196691280002,0.41052534178696753,0.024975148286719748,2
189,0.19177552964375033,-0.0446267432817747,-0.12349307002571171,0.022867492317284462,0.014435745726798116,0.06806268115331504,0.24997011289026544,0.20432558814296975,0.2771564442356584,-0.06438348215750714,0.03121099459610872,0.2273603103062656,-0.0030915626689228906,-0.05172902752136388,0.13369282843884506,0.043838720618078704,-0.06004267956198411,-0.1517066313717944,-0.0035965933853698115,-0.09606472403654712,2
11,0.09339847986011178,-0.00178391499930839,0.3214066451992549,0.028343196428607515,0.10323366474262581,0.20818432631493822,0.17426226780526688,0.11476056978794887,-0.14312201157046497,-0.017209893410423286,-0.06758723371627903,0.1175136401854388,-0.0551339795894031,0.13491380750377213,-0.26624098554954706,-0.13290722705201205,0.13648126505764038,0.08457686631010367,-0.2695665037568094,0.10794810487406215,1
48,-0.003966621280963159,0.021987403171461112,0.0997219987143932,-0.0383862544499568,-0.06782919638232816,-0.025170050331350998,-0.0728751887053903,-0.12877257420959934,0.010462481609702517,0.012378698886806977,0.0068935690664736265,0.05268953578307907,-0.07051734826083982,-0.08746570736899364,0.014584796592108528,-0.1305552172449518,-0.09725159467060004,0.12173992066659822,-0.014511084737935961,-0.0479793727691181,1
67,-0.19482521114937296,0.3952214314465731,-0.13711333239701118,0.2578840497804664,-0.04212815230143018,0.07295529692524588,-0.006434625612656283,0.0962421320577806,-0.017302972578454662,-0.07334786630415782,-0.05664836128531618,0.015086539462568936,-0.02215829765989859,0.055454647220150394,-0.018095201524666763,0.015639340493782097,0.0327052947383061,0.021883714378278567,0.0020373768033193347,-0.013579106299154592,1
142,0.15136517643695965,-0.046773574910507924,0.02470805844276925,0.0380013019215061,-0.3106894771874967,-0.3643431383566371,-0.40588642744927317,0.4662039238618679,-0.2789847766413747,0.059648824185722246,0.04503977891470596,0.14519192793366198,-0.059883988989802905,0.053132346423258314,-0.002230176384514822,0.09097347385772883,0.033413336581169656,0.006243531727327148,0.018789988481374555,0.0012578118038456927,2
31,-0.022596794125909786,0.015926639688510755,0.08848908502647036,-0.026933342622008697,-0.018972937523016282,-0.0017585648167449106,-0.03817109216889009,-0.09512574994128516,0.027639362032857596,0.0328233845869962,0.019111059425349342,0.016229881341826524,-0.02337416541234974,-0.06696330641131584,0.05837969251210116,-0.06452384910655176,-0.07540530545021434,0.0929512010088348,-0.00925401917579901,0.010309213020222491,1
26,-0.11765821447265787,0.029858175729725697,0.31039933202154674,0.10953760637604797,0.007753852231790077,0.07874399179711636,0.02276190711990241,0.07834457009120514,-0.03232340241676814,0.019068978800021112,-0.016533630572438278,-0.124047104051302,0.031349843518127765,-0.004510560433606063,0.0708467377224634,-0.007231214001233888,-0.03175051051301622,0.007398687114313122,0.020015703522393295,-0.1365063626777913,1
84,-0.44466677417142325,-0.38308279845110554,-0.11577590095262269,0.05831068740014154,-0.11935107157729997,0.04324278881346085,0.04333074616683108,0.005413262632430572,0.017787791739667498,-0.037253799130675586,-0.014028607273234519,-0.034164196673830076,-0.005678023193556881,0.03905667470534858,-0.029704967480373597,-0.052843288027137864,0.06701606312814606,-0.026712297835090257,0.034362529427510155,-0.04355733385340467,1
54,-0.4302855551685229,-0.35402871522908486,-0.05088885300793118,0.0877028756853206,-0.17965009702327187,0.05740328747148048,0.041256748499495136,0.0049349684436396,0.003973517412497274,-0.0030830809671621587,-0.0030599066068083525,-0.01855337609476841,-0.012489795899647894,0.03740944340520847,0.012048978987471643,-0.01887670500493537,-0.023317876681221136,0.009530005515488816,-0.007117877825589962,0.010969958285689646,1
149,0.05859559738672632,0.0071894732179460024,-0.008313455298913388,-0.08517787248773748,-0.060679530329117826,-0.07194159813852993,0.008076695536887382,-0.07097035941283099,0.11566569944753352,-0.13294461374412558,0.05536372458299457,-0.03540739532050216,0.5751235532725735,0.14087006508804661,-0.14640680678489212,0.28078912225781766,0.05902797207792338,0.20418563385289512,0.11993539523037913,0.19442010732091874,2
90,-0.08778493274160569,0.21014265216255196,-0.0696426447204414,0.094264702298854,-0.017991748591957738,0.026586578872236047,0.01956230491288279,0.01950704199163274,-0.004765204482479013,-0.08025900634694749,-0.05532818598692878,-0.021364231090744826,-0.004566231554191018,-0.0015600763929784042,0.043616912960927484,0.10304796863448844,-0.15040884324150722,-0.06259578969289363,0.03523122880675127,0.023979356662623495,1
151,0.11408823660908965,0.007609555129580158,-0.1410323318245332,-0.3722305189033374,-0.08373670474787122,0.6904847393550321,-0.45130748420810224,0.06039602814260628,0.050461138591000855,0.06255379630876383,0.004718279573984382,-0.010022460718818725,-0.00828518163561756,-0.034766675600193926,-0.01845121989762392,0.026769674219959884,0.0027355442482854373,-0.0754303596199672,0.05825992690801125,-0.02293912524664674,2
179,0.18519916314397775,-0.039402105075621106,-0.10476541507375077,-0.0031736453795292996,-0.013050020414429648,0.05366971179893685,0.22750962013803627,0.24591284976213898,0.21429048497992248,-0.014610643072926132,0.005878721028913967,0.14758029780789847,-0.00549343087223165,-0.005394522613241407,0.11142154095960315,-0.05099886331565949,-0.022546737051497224,-0.07468990456000021,0.026618021467177844,-0.04593249206907946,2
199,0.08701423595860143,-0.011381519819360288,-0.024161567180538496,-0.09391298409974519,-0.060356261533066356,0.04039972801957034,-0.06481712593341797,0.07525727087301348,0.002180899264902552,-0.06075230576772203,0.07400945703208399,-0.10796391004865113,-0.03639294012393041,0.03790735691171995,0.07950495409896684,-0.05686377687074311,-0.05136281343111745,0.08577753336838448,-0.2319216005736071,0.11557052902308078,2
129,0.4259607941765393,-0.2618179647921568,-0.2070569148760339,0.4369076316622049,0.11467774436817596,0.09115543237197592,-0.08769980832699567,-0.16981305137497896,-0.10798245601320026,0.0719708718420591,-0.03710012500124627,-0.07774650723131664,0.04103858227323867,-0.018058146443606253,0.015883374984645735,-0.040825999439352195,-0.04394725312219112,0.023869539798407936,-0.02066983263759149,-0.021913049937985728,2
5,0.02726974769285827,-0.0036320107332436574,0.35931931222187796,0.09233225399252197,0.044194801418399425,0.06955876985681583,0.0015147600452993675,-0.0485273842419494,-0.0449071088759642,-0.025269184240015244,-0.05694216813848035,0.08250455748999551,-0.03290186371084649,-0.02746701097004482,-0.09699825936959465,-0.03396794740668042,0.02322833744716513,-0.0020270492358409626,0.030506817191701854,0.04471237981656145,1
104,0.1335109413248926,-0.038872392948911684,0.01824195869401838,-0.004498907976777518,-0.2809409936937646,-0.3597833348148447,-0.35403694450036527,0.34693481321442626,-0.23398288887628335,0.050586756753781645,0.014126045509284842,0.11750410719875451,-0.03814582636553567,0.028216482926091604,0.01144564334541248,0.04992840536257419,0.02947155297291071,-0.018094160248670093,0.008275836305513245,-0.02153233927618218,2
23,-0.04376809098881621,-0.010482554045785238,0.0897943811720462,-0.044592604132618854,0.042233491890219174,-0.00831421372513522,-0.04765414322868639,-0.050530081482924274,-0.04155759553518608,0.034626130042425284,0.009635650034073497,-0.012094908802547882,-0.004319260754097051,-0.1315202110574304,0.3411316961757778,-0.0037469046747334585,-0.0032139941117670157,0.08860437214663064,-0.15824446484316843,0.21216825790518373,1
117,0.05261116539928903,0.04061268524674605,-0.053433345787013246,-0.12499983170214624,-0.03693330813274827,-0.14695700614791446,0.06281004724760306,-0.019354263591579813,0.10156075611850408,0.4052334129328501,-0.2801549220666579,-0.2375494119495711,0.02787602038399401,0.12420603478345586,-0.20939824589177372,-0.034691590800529984,-0.136939069099299,-0.3953389013400597,-0.007851125888497476,0.14237323323891005,2
35,-0.20211693259545213,0.3616894209684659,-0.16960564134045134,0.2103405570388965,-0.010840644208008492,0.03885446929439787,-0.04255816345440336,0.02318489156149242,-0.05549537365743392,-0.061418333791070694,-0.0707315349488385,-0.0003623634762623027,-0.015899293752848088,0.022382833964438555,-0.0006330545110168398,-0.0058421521131264385,0.12193556661136089,0.04609513958310438,-0.022812877679434174,-0.03278289070664344,1
19,-0.3949058733268397,-0.3636108953314025,-0.06578493804543041,0.05839274199656758,-0.17263332166198198,0.0335022875933997,0.019577385974412602,-0.014736023713042721,0.019419140601082397,0.00961165048802843,-0.027093144447260725,0.03222776822570223,-0.01689075258060372,0.02629425783069608,0.000947866064383779,-0.013341937203903927,-0.00436137841425067,0.04868272861508681,-0.023530326848580415,0.0313427210591467,1
165,0.0681680293756501,0.003873234689419984,-0.020027058941829576,-0.14344705462701912,0.06793759906852796,0.06470477177806544,0.17795999356697825,0.041908331558835145,-0.11701664384905602,-0.011526246579708,-0.01626900249590543,0.022470210927734897,-0.11977114307947882,0.20836605026603972,-0.08310237299052377,-0.11433317860191934,0.08673023465079713,0.13289802946584123,-0.3116074688193692,0.10021772367163294,2
124,0.16742780630495488,-0.018787809342959882,-0.003279685305226907,-0.003995802329285124,-0.07956715318074549,-0.03754237678450169,0.0703373290490305,0.0956166517945528,0.11440020977529647,-0.24041351073521383,0.2577566707171042,-0.37524712466612437,-0.37145325042172783,-0.052738826670789114,-0.10736834458640879,0.0006843212456906037,-0.1356938652028073,0.10499137766935779,0.19121710419361268,0.25188593917284047,2
138,0.16772070147801788,-0.0256222663071817,-0.0745726943149606,-0.054985948610600535,-0.0012426782195804503,0.11038272762705835,0.14565850977372877,0.22250756117194304,0.23154880658711358,0.12433149858459447,-0.12234342679439024,0.04886997491361846,-0.14729116117375401,-0.07994330905714964,-0.019535226281451535,0.08786126537629949,0.15530017457268452,0.16108576398288496,0.04710417180832602,0.00561338879452481,2
36,-0.07454490646875099,0.16143384611286962,-0.07488917449403741,0.07128675473997473,-0.030251356215945067,0.021138512075810762,-0.0012642806044342583,-0.007181683149599698,-8.311056948982423e-05,-0.10915984791618347,-0.06900072319611252,-0.006739687777166965,0.05697546120262016,0.004222737490021937,-0.03990353144943075,0.059731378026418896,-0.10023310906753535,-0.05264557869831702,0.02689076672292553,-0.05479668550897047,1
153,0.12692197210718567,-0.013926688458505658,-0.12238055564223256,-0.33652124540048595,-0.07386742371476415,0.5896058857493292,-0.3913866895763853,0.04364840453419665,0.05344558775731493,0.02195646653022082,0.01088745054690098,0.01747509627811846,-0.011677512945774555,-0.02727364787704868,-0.013536545271356169,0.028288473954428007,0.023186635048301252,-0.0312097513321127,0.038480005453278114,-0.019679469392261607,2
4,-0.08421202498488649,0.11052794138122964,0.013642964118326507,0.030362095855716014,-0.04266340423668324,-0.02318459543860641,-0.026331892916581577,-0.06897800280650195,0.0022926823008960475,0.0014545402489429754,0.031391807399484065,0.03686284488732762,0.05919080965742183,-0.04945307373606476,0.10055707700290475,-0.03052372022183773,0.05644949729709533,-0.03082592920974228,0.012532261640512252,0.09858301333527687,1
174,0.0977669172040026,-0.0031307004240664627,-0.020358735310687878,-0.03542551345113571,-0.06840441626806985,-0.003878844841194956,-0.027122160214794893,0.006849843621166559,0.09503041505821787,-0.08439609147798241,0.051636588774766214,-0.03874552489949513,0.30889894863425327,0.04673505175572409,-0.11019142774603054,0.14331651086881372,-0.007275008026700665,0.0921725158490136,0.06773994622178592,0.11473334532114154,2
118,0.0723613247199739,-0.006634028011183511,0.09874641694792981,0.04942960646022513,-0.02995862303255601,0.03708211717742149,-0.0096725442184635,0.02849007597847171,0.025831704258898112,-0.024875668464697114,-0.012007162177494103,0.02119695321569797,-0.05520867146299033,-0.048626368387752715,-0.16113011012664633,-0.053956264173068084,-0.047706329932894816,0.07657294328692713,0.008283198115508822,0.12976786629881243,2
71,-0.05931503402721912,0.03071084808194162,-0.01724527947709841,0.0033958651632815585,0.03626996300643875,0.010162607535711733,0.03429314374021104,0.015571056407304943,0.015425017138298002,0.060110680214549225,0.028149847927210696,-0.011693404370378647,0.007673319854225677,0.03082476201828499,0.02262921433163663,0.010182695049030003,-0.03348411565508565,-0.07553998439735768,-0.03623045145731577,0.046291386767809715,1
188,0.024841551403304754,0.004036276183406968,0.01976439249784857,-0.10119528580283003,-0.029100672002933706,-0.09683074122499634,-0.08763542556174214,-0.04243479275121331,0.034889809390914524,0.02338080388489919,-0.0613846418197985,-0.08802259806798576,0.04146318568323028,-0.03450234786567335,-0.011277452452572076,-0.09881867007633373,-0.010816310714412036,-0.06402664626243797,-0.10419012563369641,-0.12723126770191562,2
98,-0.4360002642314751,-0.38683882326969155,-0.07203049466628149,0.08119090039824663,-0.1633044562693046,0.06920583167233381,0.06933858667091589,-0.008966608891924093,-0.026092375527017268,-0.030181590437097224,-0.03687048550129696,-0.0057236269875393314,-0.0011578957734715545,-0.014467669994059016,-0.03217590867178028,0.022586285077563283,0.03189030857534691,-0.04692184708197158,0.025901055562616054,-0.01968514778621935,1
120,0.13099046561031125,-0.01952148974677256,-0.0016098957610477898,-0.006015546224282973,-0.05990402381650074,-0.04562857950420864,0.033815566226800445,0.02801894102943855,0.0921496271708131,-0.21566391967064116,0.22168779852508336,-0.34898535250782275,-0.3544174822878686,-0.10474920044058433,-0.11238011676265292,0.050505338281286796,-0.14279955641305142,0.08262449745257326,0.25018138253576133,0.22426974091967028,2
140,0.02791548565122962,0.021143043527515126,-0.05901612269665411,-0.12877199125162808,0.0760493055162768,-0.006116641965041556,0.041255208751076536,-0.10997796882905833,-0.07073183668951204,0.06876267356406526,0.022304212428253416,0.030443703089361267,-0.13099045216809138,0.513909880195142,0.1601927748774735,0.1540493145626438,-0.0604264387669029,0.06229658148975066,0.1238254513086509,-0.14293255123553322,2
139,0.12144904595683279,-0.030836734332652185,-0.03193501057737058,-0.03515592343973246,-0.04536220236611319,-0.0726123272490362,-0.01606743448873267,0.0784694423521738,-0.08713490189947831,-0.022480505598399765,-0.0019819380029939674,-0.03599236087945066,0.0718427510405748,-0.018704048847440025,0.011761727050436047,-0.07075028824779135,0.019066688595930255,0.019831295908159886,0.16422370300302494,0.06348372411008675,2
136,0.12179784135057953,-0.019612576554558107,0.32263977018568846,0.10609097724083497,0.07074531920408988,0.1442593995059288,0.06523026280277143,0.11984370655895611,-0.12974633300901875,-0.014995412534684364,-0.060299459057803685,0.12006545783508919,-0.06953275018092825,0.11829943058204369,-0.32001447035733,-0.11037187530672361,0.1046452985832324,0.06972967239513617,-0.2092790402381308,0.10801513519069238,2
131,0.3957474743285288,-0.24809625064022758,-0.1795163950433032,0.4405607674243579,0.11145077758303312,0.06482740512712713,-0.1039176918234752,-0.16449768807529153,-0.11575633352107333,0.09821443646945445,-0.03379846703963061,-0.12129440746900068,0.026945302614270895,-0.022468057247984112,0.009201914346889389,0.008127208287610902,-0.04649029270734564,0.0388523195816382,0.03613740148390783,0.0369709645959909,2
191,0.4132195604930137,-0.25341771710235805,-0.16259240515123183,0.43295489098955275,0.10624236856598347,0.05393512487977361,-0.03466879899056376,-0.15790346646662254,-0.02444229666010609,0.026666378552515736,-0.01638538199618754,-0.03626244036820507,-0.006707782549785583,-0.04780934767645372,-0.006704406350498649,0.002114172343770676,0.01721134231884314,-0.016192429554283072,0.013679233434282017,-0.043670259500266914,2
62,-0.004263278162444234,0.061724127280822876,0.005807089545181373,-0.05376646290796608,-0.0031112033169727353,-0.05660905507537118,0.045622554234875955,-0.07076477206519433,0.08602093814552333,0.18049071717938983,-0.0526824582514729,-0.028849310844153,0.0045872761008016434,0.04659470394017483,-0.05158690440991199,-0.06647486142910586,-0.11635752239548897,-0.12113040087616267,0.02486934266012436,0.05802207595387565,1
43,-0.03885061830554477,0.13356053427884332,-0.013761561116292332,0.03838244886353164,-0.019794454705145112,-0.013211078022504399,-0.013498468744878112,-0.013689171185351881,0.004513046635759299,-0.05348269622964762,0.007811417684250097,-0.036932704490783556,0.0005977351701338641,-0.0383988181666893,0.03873010127098819,-0.038472888075536484,-0.12469538429841737,-0.009420579289600203,-0.05855354059875687,-0.03530563209916091,1
66,0.026215383264663175,-0.004279840643849515,0.053972685622481066,-0.06474228322065849,0.006086226518461099,-0.021711982104218014,-0.0407212256891091,-0.175015143940739,0.04357682076379874,-0.06219190165408468,-0.008065281425137523,0.1938769720238721,-0.10422148858687845,0.029835330218489043,0.02798439128302579,0.09990265387058157,-0.033499954928741825,-0.07551956412142691,0.012058735108860096,0.12603928699422962,1
185,0.1875887423861041,-0.041903151461212686,-0.09719441787593511,0.015949154040490566,-0.01390143558621655,0.08168919761207812,0.2500428360120393,0.22507767517745234,0.2101218401823085,-0.06477914831043237,0.03161446155643504,0.20176470257551452,0.01634889413567807,-0.013401316961745659,0.07117621618978129,-0.07451210214337768,0.01829604074689139,-0.02201531137197313,-0.05510121464512648,-0.03739445838548188,2
130,0.3253855819838596,-0.21948058664254788,-0.11434397984494991,0.35116127592364493,0.0602358704966607,-0.006292831455676233,-0.15403232869188446,-0.10787133239172923,-0.17362422315019208,0.0442518800033266,-0.021479070175908305,-0.003630770365719012,0.04100411213817798,0.008458205534952525,-0.007155312143104321,-0.010486271033386516,0.021203860770678165,0.009626710406627841,-0.006791651271143894,-0.05304775279766478,2
69,-0.15255965887641826,-0.08178979586232991,-0.07704924477869717,-0.09529266370963486,0.4037109945364598,-0.11923575188645895,-0.13114907371120593,0.07541329695883749,0.04944063531520646,-0.049013411815107794,-0.012074952496499303,-0.017712922562570642,-0.0004781181209009794,-0.0029634415066091147,-0.029176020778429235,-0.028278564851628503,0.023573335345409282,0.046348194693376775,-0.064959999108105,-0.06079081328365172,1
18,-0.07297658259739363,0.0633995263346419,-0.026894268114640033,0.00843341743571951,0.016200699095369805,-0.01000986406759281,0.023253275998233795,-0.02905735691861732,0.01316392976235312,0.1351769133404444,0.11365041781467167,0.035569747033522635,-0.013214931115137711,0.005593463414850743,0.1394071504913621,-0.00813879243380199,0.005743981178381123,0.0008465070825531173,-0.046596517572455684,0.19486477071200703,1
168,0.03773385435781836,0.010578088052152377,-0.11276087247000981,-0.26122967612446435,0.12026811275802582,0.04439694359360715,0.281671347640148,0.01584208962295745,-0.4819525962918522,-0.00174352880693491,-0.08969458755405041,0.0004141081378923507,0.039375795925693506,-0.11618879773010679,-0.03073994745315482,-0.20712333235146804,0.12440394582133707,0.0323462058762259,0.4243518229910985,0.02787516542639871,2
182,0.0836198149683456,0.026054600231815335,0.014820126956408566,-0.028430747057618253,-0.09717944669262843,-0.06698904066396358,-0.042893920712283484,0.07370068344530899,0.06817546168313215,-0.032618509353229776,0.04895439837990674,-0.1363699812417144,-0.005053556006958263,0.03777909714767094,0.005817258314481071,-0.06388050106461764,-0.07835420050406897,0.1383849751218073,-0.133235674513046,0.07523079780670959,2
152,0.037747686146072254,0.028535334408348198,-0.022591341241503842,-0.11000530024575561,-0.021801254721201983,-0.044855052257308285,0.07774464466895677,0.01378659082717796,-0.06173853671134188,-0.05720974365113001,0.0006078413324061357,-0.0007830442230374137,0.005807170222943457,-0.0002410682392875126,0.06110438412513048,-0.0542811787555649,-0.04071391401093914,-0.031214261086780243,-0.029911440110976635,0.08292106335840745,2
106,0.07269078879981493,0.0020278676485342203,-0.03170787387513743,-0.11502537402461402,-0.08939659231305923,-0.13704703572179158,-0.04488203891833929,0.07724850387048975,-0.03303869168430894,-0.06366135925945997,-0.021511299048550918,0.06674796587159253,0.058158820595894674,-0.010854629402605311,0.037836346202094064,-0.009185432154337364,0.01661328127065609,-0.15197044455991515,-0.002057945353685568,-0.006248212701823978,2
