No,Kata_Unik
1,aadi
2,aam
3,aan
4,aau
5,abadi
6,abang
7,abangpalmerah
8,abdi
9,abdul
10,abdullah
11,aberdeen
12,abraham
13,absen
14,absennya
15,abt
16,abu
17,acara
18,access
19,account
20,accurate
21,acdacd
22,aceh
23,acehsumut
24,achmad
25,acosta
26,action
27,activ
28,activity
29,acuan
30,acuannya
31,ada
32,adalah
33,adanya
34,adaptasi
35,adapun
36,adhi
37,adi
38,adik
39,adikadik
40,adil
41,adininggar
42,adk
43,administrasi
44,adrenalin
45,adu
46,aduan
47,advokat
48,aeon
49,aeromodelling
50,af
51,afiliasi
52,agama
53,agar
54,agen
55,agency
56,agenda
57,agennya
58,agent
59,agentnya
60,agraria
61,agreement
62,agreementsspa
63,agresif
64,agrinas
65,agung
66,agunguniversitas
67,agus
68,agustus
69,agustusan
70,ahhn
71,ahiara
72,ahihns
73,ahlinya
74,ahmad
75,ahren
76,ai
77,aichinagoya
78,air
79,airin
80,airlangga
81,airport
82,ajaib
83,ajak
84,ajakan
85,ajaknya
86,ajang
87,aji
88,ajukan
89,akademi
90,akademik
91,akademisi
92,akal
93,akan
94,akbarsofyan
95,akdakd
96,akhir
97,akhiri
98,akhirnya
99,akibat
100,akibatnya
101,aklamasi
102,akm
103,akomodasi
104,akra
105,akselerasi
106,akses
107,aksesibilitas
108,aksesoris
109,aksi
110,aksiaksinya
111,akta
112,aktif
113,aktivitas
114,aktivtas
115,aku
116,akuatik
117,akuatikpolo
118,akui
119,akuisisi
120,akun
121,akuntabel
122,akuntansi
123,akur
124,akurasi
125,al
126,alaa
127,alam
128,alami
129,alasan
130,alat
131,alberta
132,albon
133,aldeguer
134,aleix
135,aleria
136,alex
137,alexander
138,alexanderpablo
139,alfa
140,alfian
141,alfianmuhammad
142,algadri
143,algarve
144,alhamdulillah
145,alhamdullilah
146,alhasil
147,ali
148,aliansi
149,alias
150,alibaba
151,alien
152,aliexpress
153,alih
154,alihalih
155,aliran
156,alkohol
157,all
158,allessya
159,allin
160,almando
161,alokasi
162,alonso
163,aloysia
164,alpine
165,alternatif
166,alti
167,alumni
168,alur
169,alwi
170,amal
171,amalia
172,aman
173,amanah
174,amanat
175,amanda
176,amankan
177,amartya
178,amat
179,amatir
180,ambarawa
181,ambarawabawen
182,ambil
183,ambisi
184,ambit
185,ambruk
186,ambulans
187,americas
188,amerika
189,amg
190,aminulah
191,amman
192,ammn
193,amrad
194,amran
195,amri
196,amsakar
197,amsterdamnya
198,an
199,anagata
200,anak
201,anakanak
202,anakanaknta
203,anakcucu
204,analis
205,analisa
206,analisis
207,anam
208,ananda
209,anarkis
210,anas
211,ancaman
212,ancol
213,and
214,anda
215,andakara
216,andal
217,andalan
218,andi
219,andra
220,andrez
221,andri
222,andrianto
223,angang
224,anggapan
225,anggar
226,anggaran
227,anggarannya
228,anggota
229,angin
230,angka
231,angkanya
232,angkasa
233,angkat
234,angkatan
235,angkatannya
236,angkekampung
237,angkut
238,animo
239,anjlok
240,anlega
241,anondo
242,antam
243,antar
244,antara
245,antaranya
246,antaratlet
247,antardaerah
248,antarinsan
249,antarmobil
250,antarpeserta
251,antarsistem
252,anthony
253,anthonyren
254,antisipasi
255,antonelli
256,antoni
257,antua
258,antuna
259,antusias
260,antusiasme
261,anugrah
262,anung
263,anwar
264,apa
265,apaapa
266,apabila
267,apakah
268,apalagi
269,apapun
270,apbn
271,api
272,apl
273,aplikasi
274,aplikasinya
275,aplikatif
276,app
277,apresiasi
278,apri
279,aprianto
280,april
281,aprilia
282,apriyani
283,arab
284,aragon
285,arah
286,arahan
287,aral
288,aramco
289,arang
290,arbitrage
291,archery
292,arci
293,ardiatma
294,area
295,areaarea
296,areanya
297,arena
298,arenanya
299,ari
300,arie
301,arip
302,aritonang
303,arjun
304,arjuna
305,armada
306,armadanya
307,arnez
308,art
309,arteri
310,artha
311,arthur
312,arti
313,artificial
314,artikel
315,artinya
316,artis
317,arus
318,arvid
319,arwana
320,as
321,asal
322,asap
323,asas
324,asasasas
325,asean
326,aset
327,asetaset
328,asha
329,asia
330,asian
331,asii
332,asing
333,asiran
334,asisten
335,askara
336,askomlek
337,asosiasi
338,aspek
339,aspirasi
340,asro
341,asroda
342,asset
343,association
344,aston
345,asuhan
346,asuransi
347,at
348,atas
349,atasan
350,atau
351,ataupun
352,atautrauma
353,atensi
354,athlete
355,atlantic
356,atlassian
357,atlet
358,atletatlet
359,atletik
360,atletnya
361,atmosfer
362,atmosfernya
363,atp
364,atrbpn
365,atrium
366,atrofi
367,aturan
368,aturannya
369,au
370,aud
371,audi
372,audiensi
373,audisi
374,augusto
375,austin
376,australia
377,austria
378,authority
379,autograph
380,autosports
381,avc
382,avenue
383,awak
384,awal
385,awalnya
386,ayah
387,ayahnya
388,ayal
389,ayam
390,aymane
391,ayu
392,ayubtan
393,azriyn
394,azriyntan
395,babak
396,babinsa
397,baby
398,baca
399,back
400,backhand
401,backtoback
402,backup
403,badan
404,badangizinasionalri
405,badannya
406,badminton
407,bag
408,bagaimana
409,bagaimanapun
410,bagas
411,bagasapriyani
412,bagi
413,bagian
414,bagir
415,bagnaia
416,bagnaiaogura
417,bagus
418,bahan
419,bahas
420,bahasa
421,bahasan
422,bahaya
423,bahkan
424,bahlil
425,bahrain
426,bahu
427,bahwa
428,baik
429,baikbaik
430,bait
431,bajaj
432,bak
433,bakal
434,bakar
435,bakat
436,bakti
437,baku
438,balai
439,balaji
440,balance
441,balap
442,balapan
443,balas
444,balasan
445,bali
446,balige
447,balik
448,balikpapansamarinda
449,balita
450,ballooners
451,ballroom
452,balsam
453,ban
454,bandan
455,bandara
456,bandarabandara
457,banding
458,bandung
459,banget
460,bangga
461,banggar
462,bangka
463,bangkit
464,bangsa
465,bangun
466,banjir
467,bank
468,bankbank
469,banner
470,bansos
471,bantam
472,bantar
473,banten
474,bantu
475,bantuan
476,bantul
477,banyak
478,banyakbanyak
479,banyaknya
480,banyurejo
481,baoan
482,bapak
483,bapakibu
484,bappebti
485,bara
486,barang
487,barangbarang
488,barangjasa
489,barangnya
490,barat
491,barcelona
492,barel
493,bareng
494,barengbareng
495,bareskrim
496,bari
497,barisan
498,bark
499,barki
500,barn
501,barra
502,baru
503,barubaru
504,basah
505,baseball
506,basic
507,basically
508,basicnya
509,basis
510,basket
511,basoetta
512,basuki
513,batal
514,batam
515,batang
516,batangan
517,batas
518,batasan
519,batch
520,batu
521,bawa
522,bawah
523,bawen
524,bayangkan
525,bayar
526,bazaar
527,bb
528,bbc
529,bbca
530,bbm
531,bbni
532,bbriidsolorun
533,bcis
534,bea
535,beach
536,beamishmatthew
537,bearman
538,beban
539,bebangka
540,bebannya
541,bebas
542,beber
543,beberapa
544,bebernya
545,becroft
546,becroftreece
547,beda
548,bedah
549,beginning
550,begitu
551,begitulah
552,bei
553,beijing
554,beirer
555,bekal
556,bekas
557,bekasi
558,bekerja
559,bekerjasama
560,bekti
561,belah
562,belahan
563,belajar
564,belakang
565,belakangan
566,belakangnya
567,belanda
568,belang
569,belanja
570,belasan
571,belgia
572,beli
573,beliau
574,belinya
575,belitung
576,belum
577,benar
578,benarbenar
579,bencana
580,bend
581,bendahara
582,bendera
583,beneficiary
584,bener
585,bensin
586,bentuk
587,benturan
588,bera
589,berada
590,beradaptasi
591,beragam
592,berakhir
593,beraksi
594,beraktivitas
595,beraktivtas
596,beralih
597,berambisi
598,beranggotakan
599,berangkat
600,berangsur
601,berani
602,berantakan
603,berapa
604,berapapun
605,berapi
606,berarti
607,beras
608,berasal
609,berat
610,berbagai
611,berbakat
612,berbalik
613,berbarengan
614,berbaring
615,berbasis
616,berbeda
617,berbedanya
618,berbentuk
619,berbicara
620,berbinar
621,berbisnis
622,berbuat
623,berburu
624,berdampak
625,berdarah
626,berdasarkan
627,berdaulat
628,berdaya
629,berdebu
630,berdiri
631,berdisiplin
632,berdiskusi
633,berdoa
634,berdurasi
635,bereaksi
636,berebut
637,beredar
638,beredarnya
639,beregu
640,berencana
641,berfokus
642,berfungsi
643,bergabung
644,berganda
645,bergandengan
646,berganti
647,bergantung
648,bergaya
649,bergengsi
650,bergerak
651,bergeser
652,bergizi
653,bergulir
654,berhad
655,berhadapan
656,berhadiah
657,berhak
658,berharap
659,berharga
660,berhasil
661,berhenti
662,berhubungan
663,beri
664,berikan
665,berikut
666,berikutnya
667,berimbang
668,berinovasi
669,berintropeksi
670,berinvestasi
671,berisi
672,berisiko
673,berita
674,berjalan
675,berjalannya
676,berjangka
677,berjarak
678,berjaya
679,berjenjang
680,berjualan
681,berjuang
682,berjudul
683,berjuluk
684,berjumpa
685,berkah
686,berkaitan
687,berkala
688,berkalikali
689,berkapasitas
690,berkarya
691,berkat
692,berkategori
693,berkecimpung
694,berkekuatan
695,berkelanjutan
696,berkembang
697,berkembangnya
698,berkenaan
699,berkendara
700,berkerja
701,berkesempatan
702,berkesinambungan
703,berkisar
704,berkode
705,berkolaborasi
706,berkomentar
707,berkomitmen
708,berkompetisi
709,berkomunikasi
710,berkonsentrasi
711,berkontribusi
712,berkoordinasi
713,berkualitas
714,berkuda
715,berkumpul
716,berkurang
717,berlaga
718,berlaku
719,berlalu
720,berlangsung
721,berlanjut
722,berlari
723,berlatih
724,berlawanan
725,berlebih
726,berlebihan
727,berlibur
728,berlindung
729,berlisensi
730,berlokasi
731,bermain
732,bermanfaat
733,bermasalah
734,bermimpi
735,bermodalkan
736,bermotor
737,bermuara
738,bermutu
739,bernama
740,bernasib
741,bernaung
742,bernostalgia
743,berolahraga
744,beroperasi
745,beroperasinya
746,berpartisipasi
747,berpartner
748,berpasangan
749,berpeluang
750,berpengalaman
751,berperan
752,berperingkat
753,berpesan
754,berpidato
755,berpikir
756,berpikirnya
757,berpotensi
758,berprestasi
759,berprofesi
760,berpuas
761,bersahabat
762,bersaing
763,bersama
764,bersamaan
765,bersamasama
766,bersatu
767,bersedia
768,bersediakah
769,bersejarah
770,berselang
771,berselisih
772,bersemangat
773,bersiap
774,bersifat
775,bersih
776,bersilaturahmi
777,bersinergi
778,berskala
779,bersosialisasi
780,berstandar
781,bersubsidi
782,bersumber
783,bersumpah
784,bersurat
785,bersyukur
786,bertabrakan
787,bertahan
788,bertahap
789,bertajuk
790,bertalenta
791,bertambah
792,bertambahnya
793,bertanding
794,bertanya
795,bertaraf
796,bertarung
797,bertekad
798,bertema
799,bertempat
800,bertemu
801,bertepatan
802,berterima
803,bertiga
804,bertindak
805,bertingkat
806,bertolak
807,bertuan
808,bertujuan
809,berturutturut
810,berubah
811,berujung
812,berulang
813,berulangkali
814,beruntun
815,beruntung
816,berupa
817,berupaya
818,berusaha
819,berusia
820,bervariasi
821,berwajib
822,berwenang
823,besar
824,besaran
825,besarannya
826,besarbesaran
827,besarnya
828,beserta
829,besi
830,besok
831,betapa
832,betul
833,betulbetul
834,beverages
835,bezzecchi
836,bgn
837,bgnnya
838,bhabinkamtibnas
839,bi
840,biang
841,biarkan
842,biasa
843,biasanya
844,biathle
845,biaya
846,bibit
847,bibitbibit
848,bicara
849,bicarakan
850,bidang
851,bidik
852,big
853,bijak
854,bikin
855,bila
856,bilal
857,bilang
858,bilateral
859,bima
860,bimo
861,bingung
862,bintang
863,bintangsofyan
864,bioetanol
865,biogas
866,biometana
867,birmingham
868,bisa
869,bisep
870,bisikan
871,bismillah
872,bismillahirrahmanirrahim
873,bisnis
874,bisnisnya
875,bitcoin
876,bitcoinkripto
877,bkn
878,bkpm
879,blang
880,blast
881,blauran
882,bleague
883,blog
884,blok
885,bloomberg
886,bmas
887,bmkg
888,bmks
889,bmri
890,bmw
891,bni
892,bnn
893,bnpb
894,bobot
895,bodong
896,bogor
897,bojonegoro
898,bola
899,bold
900,boldriders
901,boleh
902,bombing
903,bonds
904,bonus
905,booth
906,bop
907,borg
908,borgeric
909,borong
910,bortoleto
911,bos
912,bosetta
913,botol
914,bottas
915,boy
916,bp
917,bpa
918,bpakejaksaan
919,bpi
920,bpkn
921,bpom
922,bps
923,bram
924,bramantya
925,brand
926,brasil
927,brazil
928,break
929,breakeven
930,bren
931,brent
932,brevet
933,bri
934,brilian
935,brilink
936,brimo
937,broadcast
938,bronze
939,bros
940,brotherhood
941,brownfield
942,bsd
943,bsi
944,btn
945,buah
946,buahbuahan
947,buang
948,buaranklender
949,buat
950,buatan
951,buatkan
952,buatku
953,bubutan
954,budaya
955,budi
956,budidaya
957,build
958,buka
959,bukan
960,bukanlah
961,bukit
962,bukti
963,buktikan
964,buku
965,bulan
966,bulanan
967,bulanbulan
968,bulatkan
969,bull
970,bulls
971,bulog
972,bulu
973,bulutangkis
974,bum
975,bumi
976,bumn
977,bumnid
978,bung
979,bunga
980,bunganya
981,bungkus
982,buntu
983,bupati
984,bursa
985,bursabursa
986,buruburu
987,buruh
988,buruk
989,busan
990,business
991,butuh
992,buwono
993,buy
994,buyback
995,buyer
996,buyernya
997,buying
998,bwf
999,bwt
1000,by
1001,bylaws
1002,cabai
1003,cabang
1004,cable
1005,cabor
1006,caccess
1007,cad
1008,cadangan
1009,cadillac
1010,caf
1011,cahya
1012,cahyadi
1013,cakrawala
1014,cakupan
1015,cal
1016,calon
1017,caloncalon
1018,camp
1019,campur
1020,campuran
1021,candrika
1022,cantik
1023,capai
1024,capaian
1025,capex
1026,capital
1027,car
1028,cara
1029,caranya
1030,card
1031,cardionya
1032,cargo
1033,cargopro
1034,cari
1035,carikan
1036,carlo
1037,carlos
1038,carnando
1039,carnandodaniel
1040,cash
1041,castallani
1042,catatan
1043,catur
1044,cawangduren
1045,cc
1046,cdm
1047,cedera
1048,cegatan
1049,cejudo
1050,cek
1051,cekbansoskemensosgoid
1052,cekcek
1053,celah
1054,cenderung
1055,cengkram
1056,center
1057,centre
1058,ceo
1059,cepat
1060,cepatnya
1061,ceplasceplos
1062,ceplos
1063,cerdik
1064,ceremony
1065,cerita
1066,certified
1067,cetak
1068,cetus
1069,cetusnya
1070,cfd
1071,chain
1072,challenge
1073,challenger
1074,championship
1075,chandra
1076,chanel
1077,change
1078,changpablo
1079,chaniago
1080,channel
1081,charles
1082,charter
1083,chauhan
1084,chef
1085,chemistry
1086,chemistrynya
1087,chen
1088,cheng
1089,chess
1090,chf
1091,chi
1092,chief
1093,china
1094,chinamasters
1095,chinatownnya
1096,christie
1097,cicilan
1098,cicilannya
1099,cikarang
1100,cikini
1101,cikoyamaja
1102,cincin
1103,cindy
1104,cipayung
1105,circuit
1106,cirebon
1107,cirendeu
1108,ciri
1109,citayambogor
1110,citr
1111,citraland
1112,city
1113,ciubur
1114,class
1115,claudia
1116,clear
1117,clearance
1118,closed
1119,club
1120,cnbc
1121,cni
1122,coach
1123,coba
1124,cocok
1125,coingecko
1126,colapinto
1127,cold
1128,collecting
1129,collection
1130,comeback
1131,committee
1132,communication
1133,commuter
1134,company
1135,comtoyou
1136,concourse
1137,confectionery
1138,conferencenya
1139,confidence
1140,confident
1141,construction
1142,constructionepc
1143,consumer
1144,container
1145,contender
1146,continental
1147,contoh
1148,contohnya
1149,coo
1150,copywriting
1151,core
1152,corporate
1153,corse
1154,corvette
1155,cose
1156,cost
1157,costa
1158,costaethan
1159,cota
1160,country
1161,course
1162,court
1163,coveragenya
1164,cpi
1165,cptt
1166,crash
1167,crashnet
1168,cream
1169,crown
1170,crutchlow
1171,cuaca
1172,cuan
1173,cuci
1174,cucu
1175,cukai
1176,cukup
1177,cultural
1178,cum
1179,cuma
1180,cuman
1181,cumright
1182,cup
1183,customer
1184,customs
1185,cut
1186,da
1187,daan
1188,dacostaethan
1189,daerah
1190,daerahdaerahnya
1191,daerahnya
1192,daffa
1193,daftar
1194,daftarkan
1195,dagang
1196,dagangannya
1197,dahulu
1198,dalam
1199,dalamnya
1200,dalligna
1201,damai
1202,daman
1203,dame
1204,dampak
1205,dampaknya
1206,dan
1207,dana
1208,danantara
1209,dananya
1210,danbank
1211,dani
1212,daniel
1213,danis
1214,danish
1215,dapat
1216,dapatkan
1217,dapet
1218,dapur
1219,darah
1220,darat
1221,dari
1222,daring
1223,daripada
1224,darma
1225,darnadi
1226,darren
1227,darurat
1228,darutenjo
1229,dasar
1230,dasarnya
1231,data
1232,database
1233,datadata
1234,datamate
1235,datang
1236,datanya
1237,date
1238,daun
1239,dave
1240,david
1241,davide
1242,davin
1243,day
1244,daya
1245,dbh
1246,dbl
1247,dbon
1248,de
1249,deaf
1250,deaflympics
1251,debut
1252,debutan
1253,debutnya
1254,dedikasi
1255,defisit
1256,deh
1257,dejan
1258,dejanfelisha
1259,dekat
1260,dekatnya
1261,delapan
1262,delegasi
1263,delineasi
1264,deluxe
1265,demam
1266,demi
1267,demikian
1268,demo
1269,demografi
1270,demokrat
1271,demokratisasinya
1272,demonstrasi
1273,demutualiasi
1274,demutualisasi
1275,dengan
1276,dengangokartbaru
1277,dengar
1278,denmark
1279,denpasar
1280,dentuman
1281,depan
1282,depannya
1283,departemen
1284,depok
1285,deputi
1286,derajat
1287,derby
1288,deretan
1289,derrick
1290,derry
1291,desa
1292,desain
1293,desainnya
1294,desakelurahan
1295,desember
1296,desil
1297,destinasi
1298,detail
1299,detik
1300,detikcom
1301,detikers
1302,detikevent
1303,detikfinance
1304,detiknews
1305,detikpagi
1306,detiksore
1307,detiksport
1308,deuce
1309,development
1310,developmentpod
1311,dewa
1312,dewan
1313,dewasa
1314,dewata
1315,dewi
1316,dex
1317,dhinda
1318,dhoifullah
1319,di
1320,dia
1321,diadakan
1322,diadukan
1323,diagne
1324,diagonal
1325,diajak
1326,diajukan
1327,diakses
1328,diakui
1329,diakumulasi
1330,dialami
1331,dialihkan
1332,dialirkan
1333,dialokasikan
1334,diamankan
1335,diambang
1336,diambil
1337,diamini
1338,dian
1339,diana
1340,dianggap
1341,dianggarkan
1342,diangkat
1343,diantisipasi
1344,diapresiasi
1345,diarahkan
1346,diatur
1347,dibagi
1348,dibagikan
1349,dibahas
1350,dibanderol
1351,dibanding
1352,dibandingkan
1353,dibangun
1354,dibantu
1355,dibarengi
1356,dibatalkan
1357,dibawa
1358,dibayangi
1359,dibayar
1360,dibayarkan
1361,dibelanjakan
1362,dibentuk
1363,diberi
1364,diberikan
1365,diberitakan
1366,diberlakukan
1367,dibersihkan
1368,dibikin
1369,dibilang
1370,dibina
1371,dibuat
1372,dibuatbuat
1373,dibuatkan
1374,dibuka
1375,dibukanya
1376,dibuktikan
1377,diburu
1378,dibutuhkan
1379,dicairkan
1380,dicanangkan
1381,dicap
1382,dicapai
1383,dicapainya
1384,dicarikan
1385,dicek
1386,dicombine
1387,dicoret
1388,didalami
1389,didampingi
1390,didapat
1391,didatangi
1392,didelegasikan
1393,didengar
1394,didenger
1395,didesain
1396,didik
1397,didistribusikan
1398,didit
1399,didorong
1400,didukung
1401,dieksekusi
1402,dievakuasi
1403,difokuskan
1404,digabungkan
1405,digadanggadang
1406,digagas
1407,diganjar
1408,diganti
1409,digelar
1410,digelarnya
1411,digemari
1412,digembleng
1413,digerogoti
1414,digital
1415,digitalisasi
1416,digitalnya
1417,digunakan
1418,dihadapi
1419,dihadiri
1420,dihadirkan
1421,dihapuskan
1422,diharapkan
1423,dihargai
1424,dihasilkan
1425,dihelat
1426,dihentikan
1427,dihimpun
1428,dihindari
1429,dihitung
1430,dihubungi
1431,diikuti
1432,diimplementasikan
1433,diimpor
1434,diinformasikan
1435,diintegrasikan
1436,diisi
1437,dijadikan
1438,dijadwalkan
1439,dijaga
1440,dijalani
1441,dijalaninya
1442,dijalankan
1443,dijangkau
1444,dijanjikan
1445,dijatuhkan
1446,dijawab
1447,dijelaskan
1448,dijerat
1449,dijual
1450,dikabarkan
1451,dikaji
1452,dikalahkan
1453,dikalikan
1454,dikantongi
1455,dikarenakan
1456,dikatakan
1457,dikebut
1458,dikedepankan
1459,dikejar
1460,dikelola
1461,dikeluarkan
1462,dikemas
1463,dikembangkan
1464,dikenakan
1465,dikenal
1466,dikendarai
1467,dikendarainya
1468,dikerahkan
1469,dikerjakan
1470,diketahui
1471,dikirim
1472,dikombinasikan
1473,dikomersialisasikan
1474,dikonfirmasi
1475,dikonsolidasi
1476,dikonsolidasikan
1477,dikoordinasi
1478,dikoordinasikan
1479,dikoreksi
1480,dikuasai
1481,dikukuhkan
1482,dikurangi
1483,dikurasi
1484,dikutip
1485,dilakoni
1486,dilaksanakan
1487,dilakukan
1488,dilakukannya
1489,dilangsungkan
1490,dilanjutkan
1491,dilansir
1492,dilantik
1493,dilaporkan
1494,dilarang
1495,dilayangkan
1496,dilayani
1497,dilelang
1498,dilengkapi
1499,dilepas
1500,dilepaskannya
1501,dilihat
1502,dilontarkan
1503,diluncurkan
1504,dilusi
1505,dim
1506,dimaksud
1507,dimandatorikan
1508,dimanfaatkan
1509,dimatangkan
1510,dimenangi
1511,dimenangkan
1512,dimensi
1513,dimeriahkan
1514,dimiliki
1515,diminati
1516,diminta
1517,dimonitor
1518,dimulai
1519,dimungkinkan
1520,dina
1521,dinamika
1522,dinamikanya
1523,dinamis
1524,dinas
1525,dinding
1526,dinggapnya
1527,dingin
1528,dini
1529,dinikmati
1530,dinilai
1531,dinilainya
1532,dinomor
1533,dinyatakan
1534,dio
1535,diolah
1536,dioperasikan
1537,dioptimalisasi
1538,dipadankan
1539,dipadukan
1540,dipahami
1541,dipakai
1542,dipaksa
1543,dipangkas
1544,dipantau
1545,dipasangkan
1546,dipasarkan
1547,dipastikan
1548,dipatok
1549,dipegang
1550,dipekerjakan
1551,dipelajari
1552,dipelopori
1553,dipengaruhi
1554,dipenuhi
1555,diperbaiki
1556,diperbarui
1557,diperbolehkan
1558,dipercaya
1559,diperdagangkan
1560,diperhatikan
1561,diperhitungkan
1562,diperiksa
1563,diperingati
1564,diperkenalkan
1565,diperkirakan
1566,diperkuat
1567,diperluas
1568,diperlukan
1569,dipermudah
1570,diperoleh
1571,diperparah
1572,dipersenjatai
1573,dipersiapkan
1574,dipersyaratkan
1575,dipertahankan
1576,dipertandingkan
1577,dipertanggungjawabkan
1578,dipertimbangkan
1579,diperuntukkan
1580,dipetik
1581,dipilih
1582,dipimpin
1583,dipindahin
1584,dipindahkan
1585,diprediksi
1586,diproduksi
1587,diproduksikan
1588,diproses
1589,diproyeksikan
1590,dipungkiri
1591,diputus
1592,diputuskan
1593,diragukan
1594,diraih
1595,dirampas
1596,dirancang
1597,dirangkul
1598,dirangkum
1599,dirapatkan
1600,dirasa
1601,dirasakan
1602,dirayakan
1603,direct
1604,director
1605,direkomendasikan
1606,direktorat
1607,direktur
1608,diremehkan
1609,direncanakan
1610,direstrukturisasi
1611,direvisi
1612,diri
1613,dirilis
1614,dirilisnya
1615,dirimu
1616,dirinci
1617,dirinya
1618,dirjen
1619,dirut
1620,disabilitas
1621,disahkan
1622,disaksikan
1623,disalahgunakan
1624,disalurkan
1625,disamakan
1626,disamaratakan
1627,disambungkan
1628,disambut
1629,disampaikan
1630,disampaikannya
1631,disanggupi
1632,disapa
1633,disarankan
1634,disclaimer
1635,disebut
1636,disebutnya
1637,disediakan
1638,diselenggarakan
1639,diselesaikan
1640,diselidiki
1641,disepakati
1642,diserahkan
1643,diserahterimakan
1644,diserang
1645,disertai
1646,disesuaikan
1647,diset
1648,disetor
1649,disetujui
1650,disewakan
1651,disiagakan
1652,disiapkan
1653,disiarkan
1654,disiasiakan
1655,disimpan
1656,disinggung
1657,disiplin
1658,disita
1659,diskon
1660,diskusi
1661,disorot
1662,disoroti
1663,disparitas
1664,dispora
1665,distretch
1666,distribusi
1667,distribusikan
1668,distribusinya
1669,distribution
1670,distributor
1671,distrik
1672,disusul
1673,disusun
1674,ditag
1675,ditagin
1676,ditahan
1677,ditaklukkan
1678,ditambah
1679,ditambahkan
1680,ditampung
1681,ditanami
1682,ditandai
1683,ditandatangani
1684,ditangani
1685,ditanggapi
1686,ditanggung
1687,ditangkap
1688,ditantang
1689,ditanya
1690,ditargetkan
1691,ditarik
1692,ditebus
1693,ditegaskan
1694,ditekankan
1695,ditelusuri
1696,ditempati
1697,ditempatkan
1698,ditempuh
1699,ditemui
1700,ditemukan
1701,ditentukan
1702,diterapkan
1703,diterbitkan
1704,diterima
1705,diterjemahkan
1706,diterpa
1707,diteruskan
1708,dites
1709,ditetapkan
1710,ditetapkannya
1711,ditiadakan
1712,ditimbulkan
1713,ditindak
1714,ditingkatkan
1715,ditolak
1716,ditopang
1717,ditransfer
1718,dituangkan
1719,ditujukan
1720,ditulis
1721,ditunda
1722,ditunggalkan
1723,ditunjuk
1724,ditunjukkan
1725,dituntaskan
1726,diturunkan
1727,ditutup
1728,ditutupnya
1729,diubah
1730,diucapkannya
1731,diukur
1732,diumumkan
1733,diundang
1734,diundangkan
1735,diungkap
1736,diungkapkan
1737,diusulkan
1738,diusung
1739,diversifikasi
1740,divest
1741,divestasi
1742,dividen
1743,dividend
1744,divisi
1745,diwajibkan
1746,diwakili
1747,diwartakan
1748,diwujudkan
1749,diyakini
1750,djarum
1751,djauhar
1752,djbc
1753,djemy
1754,djiwandono
1755,dki
1756,dkkdalam
1757,dmo
1758,dnf
1759,doa
1760,doakan
1761,doang
1762,doesnt
1763,dok
1764,dokalti
1765,dokjete
1766,dokkoni
1767,dokngedadak
1768,dokter
1769,dokumen
1770,dokumentasi
1771,dolar
1772,domestic
1773,domestik
1774,domestiknya
1775,dominan
1776,dominasi
1777,donald
1778,dong
1779,donnda
1780,dony
1781,doorprize
1782,doortodoor
1783,doran
1784,dorsi
1785,doubles
1786,doup
1787,dow
1788,downstream
1789,dpc
1790,dpp
1791,dpr
1792,dprd
1793,dprdpd
1794,dprri
1795,dr
1796,drama
1797,driver
1798,drone
1799,drs
1800,dtsen
1801,dtsenformbpsgoid
1802,dua
1803,dublin
1804,ducati
1805,duck
1806,ducking
1807,duduk
1808,due
1809,duel
1810,duelduel
1811,dugaan
1812,dukcapil
1813,dukung
1814,dukungan
1815,dukungannya
1816,dulu
1817,dulunya
1818,dunia
1819,duo
1820,durasi
1821,duri
1822,duta
1823,dwcs
1824,dwipuji
1825,dyor
1826,easyjet
1827,ebitda
1828,ebtke
1829,eceran
1830,ecofriendly
1831,ecommerce
1832,ed
1833,edar
1834,edinburgh
1835,edisi
1836,edseds
1837,education
1838,edukasi
1839,ee
1840,efek
1841,efeknya
1842,efektif
1843,effect
1844,efisien
1845,efisiensi
1846,ega
1847,eido
1848,eko
1849,ekonom
1850,ekonomi
1851,ekonominya
1852,ekonomis
1853,ekor
1854,ekosistem
1855,eks
1856,eksekusi
1857,eksekusinya
1858,eksekutif
1859,ekshibisi
1860,eksibisi
1861,eksis
1862,eksklusif
1863,ekspansi
1864,ekspektasi
1865,ekspetasinya
1866,ekspor
1867,eksporimpor
1868,eksposur
1869,ekstensifikasi
1870,eksternal
1871,ekstrem
1872,ekstremis
1873,el
1874,elektrifikasi
1875,elektronik
1876,elemen
1877,elit
1878,elite
1879,elitetower
1880,elnusa
1881,elo
1882,elsa
1883,email
1884,emang
1885,emas
1886,embong
1887,emisi
1888,emiten
1889,emodul
1890,emosi
1891,empat
1892,emplasemen
1893,enak
1894,enam
1895,end
1896,endorsement
1897,endurance
1898,energi
1899,energitanpabatas
1900,eng
1901,engagement
1902,engah
1903,enggak
1904,enggan
1905,engineering
1906,eniya
1907,enjoy
1908,enrg
1909,entertainment
1910,enthusiast
1911,entitas
1912,entry
1913,epn
1914,era
1915,eranya
1916,erat
1917,eri
1918,eric
1919,erick
1920,eropa
1921,error
1922,erupsi
1923,erwin
1924,esdm
1925,esensi
1926,eshark
1927,eskalasi
1928,espargaro
1929,esteban
1930,estimasi
1931,estimasikan
1932,etanol
1933,etf
1934,ethan
1935,ethanragilyang
1936,etika
1937,etil
1938,etnis
1939,eur
1940,europe
1941,evakuasi
1942,evaluasi
1943,event
1944,eventevent
1945,evita
1946,evl
1947,evolusi
1948,ewallet
1949,excel
1950,excellence
1951,excess
1952,excited
1953,executive
1954,existing
1955,expansion
1956,expenditure
1957,expo
1958,expose
1959,express
1960,extended
1961,faathir
1962,fabio
1963,fadia
1964,fahri
1965,fair
1966,fajar
1967,fakta
1968,faktanya
1969,fakto
1970,faktor
1971,fakultas
1972,falck
1973,family
1974,fanny
1975,fans
1976,farfus
1977,farhan
1978,fary
1979,fase
1980,fasilitas
1981,fasilitasi
1982,fastindo
1983,fatchul
1984,fathirdevin
1985,fauzan
1986,favorit
1987,fc
1988,fcl
1989,fcy
1990,fdi
1991,fdlfdl
1992,fearless
1993,febi
1994,febriana
1995,februari
1996,fed
1997,federal
1998,federasi
1999,federation
2000,feet
2001,feinur
2002,felisha
2003,fellowship
2004,fenomena
2005,ferdinansyah
2006,fermin
2007,fernandez
2008,fernando
2009,ferrari
2010,ferry
2011,fespati
2012,fest
2013,festival
2014,fh
2015,fhi
2016,fhirdan
2017,fia
2018,fiba
2019,fide
2020,fight
2021,fighter
2022,figure
2023,fikk
2024,fikri
2025,fiktif
2026,filsuf
2027,final
2028,finalis
2029,financial
2030,finansial
2031,finis
2032,finlandia
2033,fire
2034,fisik
2035,fisiknya
2036,fiskal
2037,fist
2038,fit
2039,fitch
2040,fitness
2041,fitriadi
2042,fix
2043,fixed
2044,fleksibilitas
2045,flightaware
2046,flng
2047,floating
2048,fluktuasi
2049,flyweight
2050,fn
2051,fokus
2052,follow
2053,fomc
2054,fondasi
2055,food
2056,for
2057,ford
2058,forehand
2059,foreign
2060,forex
2061,format
2062,formula
2063,fortesport
2064,forum
2065,forwarder
2066,forwarding
2067,foto
2068,foundation
2069,founder
2070,fp
2071,fragmentasi
2072,france
2073,francesco
2074,francis
2075,franco
2076,frans
2077,fransm
2078,fraud
2079,free
2080,frekuensi
2081,fresh
2082,fuji
2083,full
2084,fun
2085,functional
2086,fund
2087,funding
2088,fungsi
2089,fungsional
2090,fungsionalmerupakan
2091,futian
2092,futsal
2093,futuristik
2094,gabriel
2095,gabung
2096,gabungan
2097,gadget
2098,gadogado
2099,gagal
2100,gagasan
2101,gaji
2102,gajinya
2103,gak
2104,galuga
2105,gambaran
2106,game
2107,gamenya
2108,games
2109,gampang
2110,ganda
2111,gangguan
2112,gani
2113,gantian
2114,gantinya
2115,gap
2116,gapai
2117,garage
2118,garis
2119,garuda
2120,garuk
2121,gas
2122,gasly
2123,gatal
2124,gateway
2125,gathering
2126,gatot
2127,gatwick
2128,gawang
2129,gaya
2130,gayanya
2131,gayo
2132,gaza
2133,gbk
2134,gbp
2135,gebang
2136,gede
2137,gedung
2138,gedungnya
2139,geely
2140,gekrafs
2141,gelael
2142,gelanggang
2143,gelap
2144,gelapin
2145,gelar
2146,gelaran
2147,geliat
2148,gelombang
2149,gelora
2150,gembira
2151,gempa
2152,gempuran
2153,gen
2154,genai
2155,genap
2156,gendingkraksaan
2157,general
2158,generasi
2159,generation
2160,genre
2161,gentar
2162,genting
2163,geopolitik
2164,george
2165,gerai
2166,gerainya
2167,gerak
2168,gerakan
2169,gerung
2170,getaran
2171,ghaisan
2172,ghassani
2173,giannantonio
2174,gigi
2175,gigih
2176,gila
2177,giliran
2178,gim
2179,gimana
2180,gimmick
2181,gini
2182,ginting
2183,gitu
2184,gizi
2185,glasgow
2186,global
2187,glodok
2188,gluditis
2189,gmp
2190,go
2191,goh
2192,gohizzudin
2193,gokart
2194,goldman
2195,golf
2196,golflink
2197,golose
2198,good
2199,goodie
2200,google
2201,gor
2202,gorge
2203,goto
2204,governance
2205,goyah
2206,gp
2207,gradual
2208,graduate
2209,graha
2210,grahita
2211,gram
2212,grand
2213,grandstand
2214,gratis
2215,great
2216,greatman
2217,green
2218,gresini
2219,grid
2220,grip
2221,gross
2222,ground
2223,group
2224,grow
2225,grundtvic
2226,grup
2227,gsbi
2228,gt
2229,gtwce
2230,gtwceendurance
2231,guangdong
2232,guangzhou
2233,gubernur
2234,gudang
2235,gudanggudang
2236,gugur
2237,guguran
2238,gula
2239,guna
2240,gunakan
2241,gunawan
2242,guntara
2243,gunung
2244,gunungkidul
2245,guru
2246,gutamamoh
2247,gutamamuhammad
2248,gutamanmohammad
2249,gymnasium
2250,ha
2251,haas
2252,habis
2253,habishabisan
2254,hadameon
2255,hadapan
2256,hadapi
2257,hadi
2258,hadiah
2259,hadir
2260,hadirkan
2261,hadirnya
2262,hady
2263,hafal
2264,hafid
2265,haili
2266,haji
2267,hak
2268,hakhak
2269,hakim
2270,hakimandrez
2271,haknya
2272,hal
2273,halal
2274,halaman
2275,halamannya
2276,halara
2277,half
2278,halhal
2279,halhns
2280,halim
2281,halmaheranno
2282,halnya
2283,hambatan
2284,hamengku
2285,hamil
2286,hamilton
2287,hammer
2288,hampir
2289,hand
2290,handicap
2291,handling
2292,handuk
2293,hantam
2294,hanya
2295,hanyalah
2296,hao
2297,haornas
2298,happy
2299,harap
2300,harapan
2301,harapannya
2302,hard
2303,harga
2304,harganya
2305,hari
2306,harian
2307,harinya
2308,harris
2309,harrus
2310,hartarto
2311,harus
2312,harusnya
2313,haruto
2314,hasan
2315,hasani
2316,hasil
2317,hasilnya
2318,hatihati
2319,hatta
2320,hattrick
2321,hayden
2322,hb
2323,hba
2324,he
2325,head
2326,healingatas
2327,healthcare
2328,heart
2329,heat
2330,heathrow
2331,hebat
2332,hebatnya
2333,heisnam
2334,heisnamkaran
2335,hektare
2336,helikopter
2337,hendak
2338,hendri
2339,hendrick
2340,hendrik
2341,henry
2342,here
2343,heritage
2344,heritagenya
2345,hernandez
2346,hernawan
2347,hero
2348,heru
2349,hewani
2350,hgu
2351,hian
2352,hiburan
2353,hidaya
2354,hidayat
2355,hidup
2356,hijau
2357,hilang
2358,hilirisasibkpm
2359,hilirisasibpkm
2360,hilirisasikepala
2361,himbara
2362,himpunan
2363,hindari
2364,hingga
2365,hitesh
2366,hitung
2367,hitungan
2368,hitungannya
2369,hiu
2370,hm
2371,hmetd
2372,hnshns
2373,hockey
2374,hodgesben
2375,hodgeshood
2376,hoki
2377,holindo
2378,home
2379,honda
2380,hong
2381,hood
2382,horehore
2383,horizon
2384,horizontal
2385,hormat
2386,hormuz
2387,horse
2388,horseback
2389,hoseo
2390,hospitality
2391,hosttohost
2392,hotel
2393,hours
2394,hp
2395,hpmpi
2396,hq
2397,hrc
2398,hrpfdl
2399,hrphns
2400,hrum
2401,hsun
2402,hub
2403,hubungan
2404,hujan
2405,hukum
2406,hulkenberg
2407,humaid
2408,human
2409,hungaria
2410,hunting
2411,huruf
2412,hut
2413,hutan
2414,hutomo
2415,hynix
2416,hype
2417,hypercar
2418,hyperpole
2419,hyrox
2420,hyukki
2421,ia
2422,ialah
2423,ibadah
2424,ibarat
2425,ibrahim
2426,ibu
2427,ichinomiya
2428,icsd
2429,id
2430,ida
2431,idai
2432,ide
2433,ideal
2434,identik
2435,identitas
2436,idx
2437,igofdl
2438,ihaafindonesian
2439,ihr
2440,ihsg
2441,ii
2442,iii
2443,iiiii
2444,iklan
2445,iklim
2446,ikn
2447,ikonik
2448,ikut
2449,ikuti
2450,ilegal
2451,ilmu
2452,ilusi
2453,ilyacd
2454,imbang
2455,imbas
2456,imbuh
2457,imigrasi
2458,imola
2459,impactnya
2460,impc
2461,impianku
2462,implementasi
2463,implementasinya
2464,impor
2465,import
2466,importir
2467,impresif
2468,impresifnya
2469,improve
2470,imran
2471,ina
2472,inabadminton
2473,income
2474,incomenya
2475,indah
2476,indef
2477,indeks
2478,independen
2479,independensi
2480,index
2481,india
2482,indikasi
2483,indikatif
2484,indikator
2485,individu
2486,indo
2487,indodax
2488,indomarco
2489,indonesia
2490,indonesian
2491,indonesias
2492,indoninja
2493,indoor
2494,induk
2495,industri
2496,industry
2497,inflasi
2498,inflow
2499,influencer
2500,info
2501,informasi
2502,informatif
2503,infrastruktur
2504,ingat
2505,ingatan
2506,ingatingat
2507,inggris
2508,ingin
2509,inginkan
2510,inginnya
2511,ini
2512,inilah
2513,inisiatif
2514,injourney
2515,inklusi
2516,inklusif
2517,inkracht
2518,innova
2519,ino
2520,inpres
2521,input
2522,insan
2523,insiden
2524,inspirasi
2525,instagram
2526,instan
2527,instansi
2528,insting
2529,institusi
2530,institusional
2531,instruksi
2532,instruktur
2533,instrumen
2534,insyaallah
2535,integrasi
2536,integrated
2537,integritas
2538,intelligence
2539,intelligenceai
2540,intens
2541,intensif
2542,intensitas
2543,interaktif
2544,interim
2545,interkoneksi
2546,intermediate
2547,internal
2548,internasional
2549,international
2550,internusa
2551,interval
2552,intervensi
2553,interview
2554,inti
2555,intinya
2556,intra
2557,inventra
2558,investasi
2559,investigasi
2560,investment
2561,investor
2562,invetra
2563,invoicing
2564,ios
2565,ip
2566,ipc
2567,ipl
2568,ipubers
2569,iqbal
2570,ir
2571,iran
2572,irlandia
2573,ironi
2574,is
2575,isaac
2576,isfahani
2577,isfahanimenghadapi
2578,ishikawa
2579,isi
2580,isinya
2581,islam
2582,islandia
2583,isolator
2584,ispa
2585,israel
2586,iss
2587,issue
2588,issykkul
2589,istana
2590,istilah
2591,istimewa
2592,istirahat
2593,istri
2594,isu
2595,it
2596,italia
2597,itap
2598,itas
2599,itdc
2600,itf
2601,itpc
2602,itu
2603,itulah
2604,itunya
2605,iuran
2606,iv
2607,ix
2608,iya
2609,izin
2610,izinnya
2611,izzuddin
2612,jab
2613,jababeka
2614,jabatan
2615,jabodetabek
2616,jad
2617,jadi
2618,jadikan
2619,jadiratarata
2620,jado
2621,jadwal
2622,jae
2623,jaga
2624,jago
2625,jagoan
2626,jagorawi
2627,jaguar
2628,jaiden
2629,jaisinghaniudit
2630,jajaran
2631,jajarannya
2632,jakarta
2633,jakartabandung
2634,jakartacikampek
2635,jake
2636,jalaluddin
2637,jalaludin
2638,jalan
2639,jalanan
2640,jalani
2641,jalannya
2642,jalin
2643,jalur
2644,jam
2645,jambur
2646,jamil
2647,jaminan
2648,jamkrindo
2649,jamuan
2650,jangan
2651,janganlah
2652,jangka
2653,jangkauan
2654,janice
2655,janji
2656,jannah
2657,jantung
2658,januari
2659,januaridesember
2660,januarijuli
2661,januarijuni
2662,japek
2663,jarak
2664,jarang
2665,jargonjargon
2666,jaringan
2667,jarr
2668,jasa
2669,jason
2670,jatahnya
2671,jateng
2672,jati
2673,jatibarang
2674,jatinegara
2675,jatuh
2676,jauh
2677,jauhjauh
2678,jawa
2679,jawab
2680,jawaban
2681,jawabannya
2682,jaya
2683,jayakarta
2684,jaysinghani
2685,jazeera
2686,jdcom
2687,jeffrey
2688,jeffri
2689,jejak
2690,jelang
2691,jelas
2692,jelasnya
2693,jelek
2694,jemaah
2695,jemawa
2696,jembatan
2697,jemparingan
2698,jenderal
2699,jenis
2700,jenjang
2701,jepang
2702,jerman
2703,jernih
2704,jersey
2705,jete
2706,jhonny
2707,jietoh
2708,jika
2709,jiwa
2710,jlr
2711,joaquin
2712,jogjabawen
2713,jogjasolo
2714,jojo
2715,jonatan
2716,jonathan
2717,jones
2718,jorge
2719,jorgensenryotaro
2720,joshua
2721,josua
2722,jpy
2723,jsmr
2724,ju
2725,jual
2726,jualan
2727,juang
2728,juara
2729,judi
2730,judo
2731,judoka
2732,judol
2733,judul
2734,jufri
2735,juga
2736,juhro
2737,jujur
2738,juli
2739,juliantono
2740,juliseptember
2741,jumat
2742,jumlah
2743,jumlahnya
2744,jumpa
2745,jun
2746,junction
2747,juni
2748,juniansyah
2749,junior
2750,jurnalis
2751,justru
2752,juta
2753,jzen
2754,kabar
2755,kabinet
2756,kabupaten
2757,kabupatenkota
2758,kaca
2759,kacamata
2760,kadang
2761,kadangkadang
2762,kadek
2763,kadir
2764,kado
2765,kaget
2766,kagum
2767,kai
2768,kaii
2769,kaitannya
2770,kajian
2771,kala
2772,kalah
2773,kalahkan
2774,kalangan
2775,kalau
2776,kalaupun
2777,kalender
2778,kaleng
2779,kali
2780,kalian
2781,kalibata
2782,kalimantan
2783,kalinya
2784,kamal
2785,kamboj
2786,kamboja
2787,kami
2788,kamis
2789,kampoeng
2790,kampung
2791,kamu
2792,kan
2793,kanada
2794,kanal
2795,kanan
2796,kanannya
2797,kancah
2798,kandang
2799,kandas
2800,kandidat
2801,kandung
2802,kandungan
2803,kang
2804,kangki
2805,kantor
2806,kantoran
2807,kantornya
2808,kanwil
2809,kaohsiung
2810,kapal
2811,kapan
2812,kapasitas
2813,kapasitasnya
2814,kapital
2815,kapten
2816,karakter
2817,karakteristik
2818,karakteristiknya
2819,karakternya
2820,karan
2821,karang
2822,karanganyar
2823,karantina
2824,karat
2825,karawang
2826,karbon
2827,karding
2828,kardio
2829,kareem
2830,karena
2831,karenanya
2832,kargo
2833,karhutla
2834,karhutlakm
2835,karib
2836,karibnya
2837,karier
2838,karierkariernya
2839,kariernya
2840,karina
2841,karno
2842,karo
2843,karting
2844,kartosuroprambanan
2845,kartu
2846,karung
2847,karunia
2848,karya
2849,karyaman
2850,karyawan
2851,kas
2852,kasad
2853,kasau
2854,kasbi
2855,kasih
2856,kasikorn
2857,kasikornbank
2858,kaskoopsudnas
2859,kasuri
2860,kasus
2861,kata
2862,katalis
2863,katanya
2864,kategori
2865,kawah
2866,kawankawan
2867,kawasan
2868,kayak
2869,kayaknya
2870,kazakhstan
2871,kbank
2872,kbpbi
2873,kci
2874,kdmp
2875,ke
2876,keadaan
2877,keadaannya
2878,keadilan
2879,keakuratan
2880,keamanan
2881,keandalan
2882,kearifan
2883,kebabak
2884,kebahagiaan
2885,kebakaran
2886,kebanggaan
2887,kebangkitan
2888,kebayoran
2889,kebenarannya
2890,kebencanaan
2891,keberadaan
2892,keberangkatan
2893,keberanian
2894,keberhasilan
2895,keberhasilanpbti
2896,keberlangsungan
2897,keberlanjutan
2898,keberlanjutannya
2899,kebersamaan
2900,kebetulan
2901,kebiasaan
2902,kebijakan
2903,kebijakannya
2904,kebocoran
2905,kebon
2906,kebugaran
2907,kebun
2908,kebutuhan
2909,kebutuhannya
2910,kecamatan
2911,kecantikan
2912,kecelakaan
2913,kecepatan
2914,kecerdasan
2915,keceriaan
2916,kecil
2917,kecilkecil
2918,kecilnya
2919,kecukupan
2920,kedalaman
2921,kedaulatan
2922,kedelapan
2923,kedua
2924,keduanya
2925,kedudukan
2926,keempat
2927,keenam
2928,keesokan
2929,kegagalan
2930,kegelisahan
2931,kegemaran
2932,kegiatan
2933,kehadiran
2934,kehadirannya
2935,kehidupan
2936,kehidupannya
2937,kehilangan
2938,kehormatan
2939,kehutanan
2940,kei
2941,keikutsertaan
2942,keindahan
2943,keinginan
2944,kejagung
2945,kejahatan
2946,kejaksaan
2947,kejar
2948,kejaran
2949,kejarkejaran
2950,kejayaan
2951,kejuaraan
2952,kejurnas
2953,kejutan
2954,kekalahan
2955,kekayaan
2956,kekerasan
2957,kekhawatiran
2958,kekompakan
2959,kekompakkan
2960,kekuatan
2961,kekuatannya
2962,kekurangan
2963,kekurangannya
2964,kelahirannya
2965,kelaikudaraan
2966,kelaikudaraannya
2967,kelak
2968,kelancaran
2969,kelanjutan
2970,kelas
2971,kelasnya
2972,kelayakan
2973,kelengkeng
2974,kelereng
2975,kelihatan
2976,kelihatannya
2977,kelima
2978,kelincahan
2979,keliru
2980,kelola
2981,kelompok
2982,keluar
2983,keluaran
2984,keluarga
2985,keluarganya
2986,keluarkan
2987,keluhan
2988,kelurahan
2989,kemahiran
2990,kemajuan
2991,kemampuan
2992,kemampuannya
2993,kemang
2994,kemarin
2995,kemauan
2996,kembali
2997,kembalikan
2998,kembalinya
2999,kembangkan
3000,kembar
3001,kemenangan
3002,kemendag
3003,kemendikdasmen
3004,kemenkeu
3005,kemenkop
3006,kemenkumham
3007,kemenpora
3008,kementerian
3009,kementerianlembaga
3010,kementrian
3011,kemerdekaan
3012,kemitraan
3013,kemnaker
3014,kemudahan
3015,kemudian
3016,kemungkinan
3017,kena
3018,kenaikan
3019,kenaikannya
3020,kenal
3021,kenali
3022,kenangan
3023,kenapa
3024,kencang
3025,kendala
3026,kendali
3027,kendaraan
3028,kendati
3029,kendur
3030,kenis
3031,kental
3032,kenyamanan
3033,kenyataannya
3034,keolahragaan
3035,kepada
3036,kepadanya
3037,kepadatan
3038,kepake
3039,kepala
3040,kepanikan
3041,kepastian
3042,kepatuhan
3043,kepatutan
3044,kepedulian
3045,kepekaan
3046,kepemilikan
3047,kepemimpinan
3048,kependudukan
3049,kepengurusannya
3050,kepentingan
3051,kepercayaan
3052,keperkasaan
3053,keperluan
3054,kepindahan
3055,kepolisian
3056,kepresidenan
3057,kepri
3058,kepulauan
3059,keputusan
3060,kerabat
3061,keraguan
3062,kerahkan
3063,kerangka
3064,kerap
3065,keras
3066,keresahan
3067,kereta
3068,keringat
3069,kerja
3070,kerjaan
3071,kerjaannya
3072,kerjakan
3073,kerjanya
3074,kerjasama
3075,kerok
3076,kertajati
3077,kertas
3078,kerugian
3079,kerupuk
3080,kerusakan
3081,kesabaran
3082,kesadaran
3083,kesalahan
3084,kesalahankesalahan
3085,kesatuan
3086,keseharian
3087,kesehatan
3088,keseimbangan
3089,kesejahteraan
3090,keselamatan
3091,keseluruhan
3092,kesempatan
3093,kesenjangan
3094,kesepahaman
3095,kesepakatan
3096,keseruan
3097,keseruannya
3098,kesiapan
3099,kesibukan
3100,kesinambungan
3101,kesinkronan
3102,kesombongan
3103,kesukaannya
3104,kesuksesan
3105,kesulitan
3106,kesulitannya
3107,ketahanan
3108,ketahuan
3109,ketahui
3110,ketangguhan
3111,ketat
3112,ketegangan
3113,ketemu
3114,ketenagakerjaan
3115,ketenangan
3116,ketentuan
3117,ketentuannya
3118,ketepatan
3119,keterangan
3120,keterangannya
3121,keterbatasan
3122,ketergantungan
3123,keterkaitan
3124,keterlibatan
3125,keterpurukannya
3126,ketersediaan
3127,ketertarikan
3128,ketertarikannya
3129,ketertiban
3130,ketetapan
3131,ketidaknyamanan
3132,ketidakpastian
3133,ketiga
3134,ketiganya
3135,ketika
3136,ketimbang
3137,ketinggalan
3138,ketinggian
3139,ketua
3140,ketujuh
3141,ketum
3142,keuangan
3143,keunggulan
3144,keunggulannya
3145,keunikan
3146,keuntungan
3147,keuntungannya
3148,kevin
3149,kewajiban
3150,kewajibannya
3151,kewaspadaan
3152,kewenangan
3153,keyakinan
3154,kg
3155,khabib
3156,khas
3157,khatam
3158,khawatir
3159,khoiriyansyah
3160,khoirul
3161,khusus
3162,khususnya
3163,kido
3164,kilogram
3165,kiloliter
3166,kilometer
3167,kim
3168,kimi
3169,kimseo
3170,kinerja
3171,kini
3172,kiong
3173,kipp
3174,kiprahnya
3175,kira
3176,kirakira
3177,kirgistan
3178,kirgizstan
3179,kiri
3180,kirinya
3181,kisaran
3182,kita
3183,kjpp
3184,kjppnya
3185,kk
3186,kl
3187,klasemen
3188,klasterisasi
3189,klaten
3190,klien
3191,klinik
3192,klip
3193,klop
3194,kloter
3195,klub
3196,klubklub
3197,km
3198,kmjam
3199,kn
3200,knowledge
3201,ko
3202,koalisi
3203,koboi
3204,kocek
3205,kode
3206,koi
3207,kok
3208,kokpit
3209,kolaborasi
3210,kolaboratif
3211,koleksi
3212,kolektor
3213,koli
3214,kolom
3215,komando
3216,kombinasi
3217,komdigi
3218,komdigisls
3219,komentar
3220,komersial
3221,komisaris
3222,komisi
3223,komisioner
3224,komite
3225,komitmen
3226,komitmennya
3227,komoditas
3228,komoditi
3229,kompatriotnya
3230,kompetensi
3231,kompetisi
3232,kompetisinya
3233,kompetitif
3234,kompleks
3235,komponen
3236,komposisi
3237,komprehensif
3238,kompromi
3239,komunikasi
3240,komunikasikan
3241,komunitas
3242,kondisi
3243,kondisinya
3244,kondusif
3245,koneksi
3246,konektivitas
3247,konfederasi
3248,konferensi
3249,konfirmasi
3250,konflik
3251,kong
3252,koni
3253,konkret
3254,konsekuensi
3255,konsekuensinya
3256,konsentrasi
3257,konsep
3258,konservasi
3259,konsisten
3260,konsistensi
3261,konsistensinya
3262,konsolidasi
3263,konstruksi
3264,konstruksinya
3265,konsulat
3266,konsultan
3267,konsultasi
3268,konsumen
3269,konsumsi
3270,konsumtif
3271,kontainer
3272,kontak
3273,konteks
3274,konten
3275,kontingen
3276,kontra
3277,kontrak
3278,kontraktor
3279,kontraktual
3280,kontribusi
3281,kontrol
3282,konvensional
3283,koopsudnas
3284,koordinasi
3285,koordinator
3286,kopdes
3287,koper
3288,koperasi
3289,koran
3290,korea
3291,koreksi
3292,koridor
3293,kornelius
3294,korporasi
3295,korupsi
3296,kosasih
3297,kota
3298,kotak
3299,kotakabupaten
3300,kotakota
3301,kotama
3302,kotor
3303,kpm
3304,kppu
3305,krakatau
3306,kraksaanpaiton
3307,kreatif
3308,kreativitas
3309,kreator
3310,kredibel
3311,kredit
3312,kristaps
3313,kriteria
3314,kritik
3315,kritis
3316,krl
3317,krsbay
3318,krsyna
3319,krusial
3320,krusialleodaniel
3321,kspi
3322,kspn
3323,ksppb
3324,kspsi
3325,kta
3326,ktm
3327,ktp
3328,ku
3329,kualfikasi
3330,kualifikasi
3331,kualitas
3332,kuartal
3333,kuat
3334,kuatnya
3335,kuda
3336,kudus
3337,kuharap
3338,kuis
3339,kuku
3340,kukuh
3341,kuliah
3342,kuliner
3343,kumpulan
3344,kumpulkumpul
3345,kunci
3346,kuning
3347,kunjung
3348,kunjungan
3349,kunjungi
3350,kupang
3351,kupingnya
3352,kurang
3353,kurangi
3354,kurangin
3355,kurasa
3356,kurasi
3357,kurs
3358,kurun
3359,kusukai
3360,kusuma
3361,kuta
3362,kutipam
3363,kutukan
3364,kuy
3365,kvf
3366,kw
3367,kyrchyn
3368,kyrgyzstan
3369,laa
3370,lab
3371,laba
3372,labschool
3373,lacak
3374,lada
3375,laga
3376,lagalaga
3377,lagi
3378,lagoon
3379,lah
3380,lahadalia
3381,lahan
3382,lahannya
3383,lahir
3384,lahirkan
3385,laik
3386,lain
3387,lainlain
3388,lainlainnya
3389,lainnya
3390,laju
3391,lakilaki
3392,laksanakan
3393,laku
3394,lakukan
3395,lalai
3396,lalu
3397,lama
3398,laman
3399,lambat
3400,lamchong
3401,lampu
3402,lancar
3403,lancarkan
3404,lance
3405,land
3406,landasan
3407,landmark
3408,lando
3409,langit
3410,langkah
3411,langkahlangkah
3412,langkahnya
3413,langsung
3414,langsungnya
3415,lanjut
3416,lanjutan
3417,lanjuti
3418,lanjutnya
3419,lanskap
3420,lantai
3421,lantaran
3422,lantas
3423,lanud
3424,lap
3425,lapangan
3426,laporan
3427,laps
3428,larangan
3429,lari
3430,larinya
3431,latar
3432,latihan
3433,latin
3434,latissimus
3435,latvia
3436,laut
3437,law
3438,lawan
3439,lawanlawan
3440,lawanlawannya
3441,lawannya
3442,lawrence
3443,lawson
3444,lawyer
3445,lawyers
3446,layak
3447,layanan
3448,layanannya
3449,layar
3450,lazim
3451,lcl
3452,le
3453,leader
3454,leadership
3455,leading
3456,league
3457,lebar
3458,lebat
3459,lebih
3460,leclerc
3461,leg
3462,legal
3463,legenda
3464,legislatif
3465,legitimasi
3466,legokjawa
3467,legowo
3468,lelah
3469,lelang
3470,lemahnya
3471,lembaga
3472,lembata
3473,lembut
3474,lengah
3475,lengan
3476,lengannya
3477,lengkap
3478,lengkapnya
3479,length
3480,lenovo
3481,lensa
3482,lenteng
3483,lentur
3484,leo
3485,leodaniel
3486,leonardo
3487,leong
3488,leorolly
3489,lepas
3490,lester
3491,letaknya
3492,letih
3493,letjen
3494,letnan
3495,lets
3496,leung
3497,level
3498,leveraging
3499,lewat
3500,lewatkan
3501,lewis
3502,li
3503,liabilitas
3504,liam
3505,liburan
3506,licin
3507,lie
3508,lifestyle
3509,liga
3510,lihat
3511,likuefaksi
3512,liliyana
3513,lilou
3514,lima
3515,limit
3516,limpahan
3517,lindblad
3518,line
3519,lingkungan
3520,lingkup
3521,lini
3522,linkaii
3523,lintas
3524,lintasan
3525,lion
3526,lipat
3527,liquefied
3528,liquidity
3529,lirik
3530,lisensi
3531,listiani
3532,listrik
3533,liter
3534,literasi
3535,little
3536,live
3537,livestreaming
3538,ljk
3539,lkpp
3540,lmgt
3541,lng
3542,lnsw
3543,loc
3544,lock
3545,logam
3546,logistic
3547,logistik
3548,logo
3549,loi
3550,lokal
3551,lokasi
3552,lokasinya
3553,loket
3554,lolaru
3555,lolos
3556,lolosnya
3557,lomba
3558,lombok
3559,london
3560,lone
3561,longterm
3562,lonjakan
3563,lower
3564,lpg
3565,lps
3566,lq
3567,ltd
3568,luar
3569,luas
3570,luasan
3571,luca
3572,luck
3573,ludes
3574,ludgaardmads
3575,ludovico
3576,lues
3577,lulus
3578,lulusan
3579,lumayan
3580,lumrah
3581,lundgaardmads
3582,lundgaardvestergaard
3583,lupa
3584,lupakan
3585,lurus
3586,luton
3587,luxury
3588,ma
3589,maaf
3590,mabes
3591,macam
3592,macau
3593,macroeconomics
3594,madani
3595,madjinuhu
3596,madura
3597,madya
3598,mah
3599,mahal
3600,maharani
3601,mahasiswa
3602,mahkamah
3603,main
3604,mainaky
3605,mainan
3606,mainmain
3607,mainmainin
3608,maja
3609,major
3610,maju
3611,maka
3612,makan
3613,makanan
3614,makanya
3615,makassar
3616,maker
3617,makin
3618,makmur
3619,makna
3620,makro
3621,makroekonomi
3622,maksimal
3623,maksimalin
3624,maksimalkan
3625,malah
3626,malam
3627,malang
3628,malaysia
3629,mall
3630,mampi
3631,mampu
3632,mana
3633,management
3634,manager
3635,manajemen
3636,manajemennya
3637,manajer
3638,manamana
3639,manca
3640,manchester
3641,mancing
3642,mandalika
3643,mandat
3644,mandatori
3645,mandiri
3646,manfaat
3647,manfaatkan
3648,manfaatnya
3649,manggarai
3650,mangkuluhur
3651,mangkunegaran
3652,manis
3653,manisnya
3654,mannfilter
3655,mans
3656,mantan
3657,mantap
3658,manthey
3659,manual
3660,manusia
3661,manuver
3662,maps
3663,mapun
3664,maradanti
3665,marah
3666,marahmarah
3667,maraknya
3668,marathon
3669,marc
3670,marca
3671,marcella
3672,marciano
3673,marco
3674,mardika
3675,mardiyono
3676,maret
3677,marga
3678,margin
3679,mari
3680,marini
3681,marino
3682,mario
3683,market
3684,marketing
3685,marketplace
3686,marquez
3687,mars
3688,marsda
3689,marsdya
3690,marsekal
3691,marsma
3692,marthin
3693,martin
3694,martinantor
3695,maruli
3696,marunda
3697,marwah
3698,masa
3699,masakmasak
3700,masalah
3701,masalahnya
3702,masamasa
3703,masif
3704,masih
3705,masingmasing
3706,maskapai
3707,masker
3708,massa
3709,massal
3710,massimo
3711,master
3712,mastercard
3713,masters
3714,masuk
3715,masukan
3716,masukkan
3717,masuknya
3718,masyarakat
3719,masyarat
3720,mat
3721,mata
3722,matahari
3723,matang
3724,match
3725,materi
3726,material
3727,materials
3728,materinya
3729,mati
3730,matthew
3731,mau
3732,maulana
3733,maulidi
3734,maupun
3735,mawas
3736,max
3737,mayjen
3738,mayor
3739,mayoritas
3740,mazarron
3741,mbg
3742,mbma
3743,mclaren
3744,mcyaff
3745,mcykrs
3746,mdka
3747,mdla
3748,medai
3749,medali
3750,medan
3751,medela
3752,media
3753,medis
3754,medium
3755,mega
3756,megah
3757,megahmulai
3758,mehrotraryotaro
3759,mei
3760,meilysa
3761,meja
3762,mekanis
3763,mekanisme
3764,mekanismenya
3765,meladeni
3766,melahirkan
3767,melainkan
3768,melaju
3769,melajukan
3770,melakoni
3771,melaksanakan
3772,melakukan
3773,melakukannya
3774,melalui
3775,melampaui
3776,melanda
3777,melanggar
3778,melangkah
3779,melanjutkan
3780,melansir
3781,melantik
3782,melaporkan
3783,melarang
3784,melatih
3785,melawan
3786,melayani
3787,melebar
3788,melebih
3789,melebihi
3790,melekat
3791,melelang
3792,melemah
3793,melenggang
3794,melengkapi
3795,melepas
3796,melesat
3797,meletakkan
3798,melewati
3799,meli
3800,melibatkan
3801,melihat
3802,melihatlihat
3803,melihatnya
3804,melindungi
3805,melintang
3806,melintasi
3807,meliput
3808,meliputi
3809,melobi
3810,melock
3811,melon
3812,melonjak
3813,melontarkan
3814,meluas
3815,melupakan
3816,memacu
3817,memadukan
3818,memahami
3819,memajukan
3820,memakan
3821,memaksa
3822,memaksakan
3823,memaksimalkan
3824,memanah
3825,memancing
3826,memandang
3827,memandu
3828,memanfaatkan
3829,memang
3830,memanggil
3831,memangkas
3832,memangku
3833,memantau
3834,memasang
3835,memastikan
3836,memasuki
3837,memasukkan
3838,mematahkan
3839,mematangkan
3840,mematikan
3841,mematok
3842,membaca
3843,membahas
3844,membahayakan
3845,membaik
3846,membakar
3847,membalap
3848,membalas
3849,membalikkan
3850,membandingkan
3851,membanggakan
3852,membangun
3853,membantu
3854,membantunya
3855,membatasi
3856,membawa
3857,membayangkan
3858,membayar
3859,membebani
3860,membeberkan
3861,membedah
3862,membela
3863,membelenggu
3864,membeli
3865,membelinya
3866,membenahi
3867,membenarkan
3868,membentuk
3869,memberi
3870,memberikan
3871,memberinya
3872,membiarkan
3873,membiayai
3874,membongkar
3875,membuahkan
3876,membuat
3877,membuatnya
3878,membudaya
3879,membudayakan
3880,membuka
3881,membuktikan
3882,membuktikannya
3883,membukukan
3884,memburu
3885,membutuhkan
3886,memelototi
3887,memenangi
3888,memenangkan
3889,memengaruhi
3890,mementingkan
3891,memenuhi
3892,memerlukan
3893,memesan
3894,memetik
3895,memfasilitasi
3896,memicu
3897,memikirkan
3898,memikul
3899,memilah
3900,memilih
3901,memiliki
3902,memimpin
3903,memindahkan
3904,meminimalkan
3905,meminta
3906,memitigasi
3907,memliki
3908,memodernisasi
3909,memonitor
3910,memonitoring
3911,memori
3912,mempekerjakan
3913,mempelajari
3914,mempengaruhi
3915,memperbaiki
3916,memperburuk
3917,mempercayakan
3918,mempercepat
3919,memperebutkan
3920,mempererat
3921,memperhatikan
3922,memperhitungkan
3923,memperingati
3924,memperkenalkan
3925,memperketat
3926,memperkirakan
3927,memperkuat
3928,memperlambat
3929,memperlihatkan
3930,memperluas
3931,mempermudah
3932,memperoleh
3933,memperpanjang
3934,mempersembahkan
3935,mempersiapkan
3936,mempersilakan
3937,mempertahankan
3938,mempertandingkan
3939,mempertanyakan
3940,mempertemukan
3941,mempertimbangkan
3942,mempertontonkan
3943,memprediksi
3944,mempresentasikan
3945,memprioritaskan
3946,memproduksi
3947,mempunyai
3948,memudahkan
3949,memuji
3950,memulai
3951,memulihkan
3952,memuncaki
3953,memungkinkan
3954,memungut
3955,memusatkan
3956,memusnahkan
3957,memutakhirkan
3958,memutar
3959,memutus
3960,memutuskan
3961,menaati
3962,menabrak
3963,menaikkan
3964,menaker
3965,menakhodai
3966,menaklukkan
3967,menambah
3968,menambahkan
3969,menampilkan
3970,menanam
3971,menandai
3972,menandakan
3973,menang
3974,menangani
3975,menanggapi
3976,menangguhkan
3977,menanggung
3978,menangi
3979,menantang
3980,menantikan
3981,menanyakan
3982,menargetkan
3983,menarik
3984,menariknya
3985,menaruh
3986,menata
3987,menatang
3988,menatap
3989,menaungi
3990,menawan
3991,menawarkan
3992,mencakup
3993,mencangkul
3994,mencapai
3995,mencari
3996,mencarikan
3997,mencarinya
3998,mencatat
3999,mencatatkan
4000,mencegah
4001,mencerminkan
4002,mencetak
4003,mencicipi
4004,mencintai
4005,menciptakan
4006,mencoba
4007,mencontoh
4008,mencontohkan
4009,mencukupi
4010,mendadak
4011,mendaftar
4012,mendag
4013,mendalam
4014,mendalami
4015,mendampingi
4016,mendanai
4017,mendapat
4018,mendapatkan
4019,mendapatkannya
4020,mendarat
4021,mendatang
4022,mendatangkan
4023,mendekat
4024,mendekati
4025,mendekatkan
4026,mendelegasikan
4027,mendengar
4028,mendesak
4029,mendeteksi
4030,mendeteksinya
4031,mendirikan
4032,mendominasi
4033,mendongkrak
4034,mendorong
4035,menduduki
4036,mendukung
4037,mendukungmu
4038,mendukungnya
4039,mendulang
4040,mendunia
4041,menebak
4042,menegaskan
4043,menekan
4044,menekankan
4045,menekuni
4046,menelan
4047,menelusuri
4048,menemani
4049,menembak
4050,menembus
4051,menempati
4052,menempatkan
4053,menempel
4054,menempuh
4055,menemui
4056,menemukan
4057,menenangkan
4058,menengah
4059,menentu
4060,menentukan
4061,menerapkan
4062,menerbitkan
4063,menerima
4064,menerimanya
4065,menertibkan
4066,meneruskan
4067,menetap
4068,menetapkan
4069,menetralisir
4070,mengabaikan
4071,mengacu
4072,mengagendakan
4073,mengajak
4074,mengajukan
4075,mengakibatkan
4076,mengakomodasi
4077,mengakselerasi
4078,mengakses
4079,mengaktifkan
4080,mengaku
4081,mengakui
4082,mengalahkan
4083,mengalahkannya
4084,mengalami
4085,mengalihkan
4086,mengalir
4087,mengamankan
4088,mengambil
4089,menganalisa
4090,menganalisis
4091,mengandalkan
4092,mengandaskan
4093,mengandung
4094,menganggap
4095,menganggarkan
4096,mengangkat
4097,mengantarkan
4098,mengantarkannya
4099,mengantisipasi
4100,mengantongi
4101,mengapa
4102,mengapresiasi
4103,mengarahkan
4104,mengatakan
4105,mengatasi
4106,mengatur
4107,mengawal
4108,mengawali
4109,mengawasi
4110,mengecek
4111,mengedepankan
4112,mengedukasi
4113,mengefisienkan
4114,mengejar
4115,mengejutkan
4116,mengeksekusinya
4117,mengekspor
4118,mengelabui
4119,mengelola
4120,mengeluarkan
4121,mengeluhkan
4122,mengemasnya
4123,mengembangkan
4124,mengenai
4125,mengenakan
4126,mengenal
4127,mengenali
4128,mengendalikan
4129,mengendap
4130,mengendarai
4131,mengerahkan
4132,mengerjakan
4133,mengerjakannya
4134,mengeruk
4135,mengesankan
4136,mengetahui
4137,mengevaluasi
4138,menggabungkan
4139,menggambarkan
4140,menggandeng
4141,mengganggu
4142,mengganggunya
4143,menggantikan
4144,menggarap
4145,menggaruk
4146,menggelar
4147,menggelontorkan
4148,menggemakan
4149,menggemari
4150,menggenjot
4151,menggerakkan
4152,menggerogoti
4153,menggunakan
4154,menggunakannya
4155,menggunung
4156,menghadapi
4157,menghadirkan
4158,menghajar
4159,menghambat
4160,menghancurkan
4161,mengharapkan
4162,menghargai
4163,mengharumkan
4164,mengharuskan
4165,menghasilkan
4166,menghasut
4167,menghemat
4168,menghentikan
4169,menghibur
4170,menghidupkan
4171,menghilangkan
4172,menghindar
4173,menghindari
4174,menghitung
4175,menghormati
4176,menghormatimencerminkan
4177,menghubungkan
4178,menghuni
4179,mengibarkan
4180,mengidentifikasi
4181,mengigit
4182,mengikuti
4183,mengimbangi
4184,mengimbau
4185,mengimplementasikan
4186,mengimpor
4187,mengincar
4188,menginformasikan
4189,mengingat
4190,mengingatkan
4191,mengingt
4192,menginjak
4193,menginspirasi
4194,menginspirasinya
4195,mengintai
4196,mengintegrasikan
4197,mengirim
4198,mengirimkan
4199,mengizinkannya
4200,mengklarifikasi
4201,mengkritik
4202,mengkritisi
4203,mengolah
4204,mengoleksi
4205,mengombinasikan
4206,mengoperasikan
4207,mengoperasinya
4208,mengoptimalisasikan
4209,mengoptimalkan
4210,menguasai
4211,menguat
4212,mengubah
4213,mengucapkan
4214,menguji
4215,mengukuhkan
4216,mengukur
4217,mengulangi
4218,mengulanginya
4219,mengulurkan
4220,mengumpulkan
4221,mengumumkan
4222,mengunci
4223,mengundurkan
4224,mengungguli
4225,mengungkap
4226,mengungkapkan
4227,mengungkit
4228,mengungsi
4229,menguntungkan
4230,mengupayakannya
4231,mengurangi
4232,menguras
4233,mengurus
4234,mengusulkan
4235,mengusung
4236,mengutamakan
4237,mengutip
4238,menhut
4239,menichell
4240,menikmati
4241,menilai
4242,menimbulkan
4243,menimpa
4244,menindak
4245,menindaklanjuti
4246,meninggalkan
4247,meningkat
4248,meningkatkan
4249,meningkatnya
4250,meninjau
4251,menipiskan
4252,menipisnya
4253,menit
4254,menitipkan
4255,menjabat
4256,menjadi
4257,menjadibukti
4258,menjadikan
4259,menjadikannya
4260,menjaga
4261,menjajaki
4262,menjajal
4263,menjalani
4264,menjalankan
4265,menjalar
4266,menjamin
4267,menjamu
4268,menjangkau
4269,menjanjikan
4270,menjatuhkan
4271,menjauh
4272,menjauhkan
4273,menjawab
4274,menjelajah
4275,menjelajahi
4276,menjelang
4277,menjelaskan
4278,menjual
4279,menjuarai
4280,menjunjung
4281,menkeu
4282,menko
4283,menkomdigi
4284,menkop
4285,menlu
4286,menobatkan
4287,menolak
4288,menolong
4289,menonjol
4290,menonton
4291,menorehkan
4292,menpora
4293,mens
4294,mensesneg
4295,mensukseskan
4296,mensyaratkan
4297,mentah
4298,mental
4299,mentalitas
4300,mentas
4301,menteri
4302,mention
4303,mentok
4304,menu
4305,menuangkannya
4306,menuduh
4307,menugaskan
4308,menuju
4309,menumpuk
4310,menunda
4311,menunggangi
4312,menunggu
4313,menunjang
4314,menunjuk
4315,menunjukan
4316,menunjukkan
4317,menuntaskan
4318,menuntut
4319,menurun
4320,menurunkan
4321,menurut
4322,menurutnya
4323,menutup
4324,menuturkan
4325,menyabet
4326,menyadari
4327,menyajikan
4328,menyaksikan
4329,menyala
4330,menyalahgunakan
4331,menyalip
4332,menyalurkan
4333,menyamakan
4334,menyambut
4335,menyampaiakan
4336,menyampaikan
4337,menyangkan
4338,menyangkut
4339,menyapu
4340,menyaring
4341,menyasar
4342,menyatakan
4343,menyatukan
4344,menyebabkan
4345,menyebar
4346,menyebarkan
4347,menyebut
4348,menyebutkan
4349,menyederhanakan
4350,menyediakan
4351,menyehatkan
4352,menyekop
4353,menyelaraskan
4354,menyelenggarakan
4355,menyelesaikan
4356,menyelidiki
4357,menyeluruh
4358,menyempurnakan
4359,menyenangkan
4360,menyentuh
4361,menyerah
4362,menyerahkan
4363,menyerang
4364,menyertai
4365,menyertakan
4366,menyerukan
4367,menyerupai
4368,menyesatkan
4369,menyesuaikan
4370,menyetarakan
4371,menyetor
4372,menyetorkan
4373,menyetujui
4374,menyetujul
4375,menyewa
4376,menyiagakan
4377,menyiapkan
4378,menyingkirkan
4379,menyoal
4380,menyongsong
4381,menyoroti
4382,menyudahi
4383,menyuguhkan
4384,menyukai
4385,menyukainya
4386,menyulitkan
4387,menyumbangkan
4388,menyusui
4389,menyusul
4390,menyusun
4391,meraba
4392,meragukan
4393,merah
4394,meraih
4395,meramaikan
4396,meramalkan
4397,merambah
4398,merampungkan
4399,merancang
4400,merangkap
4401,merangkul
4402,merasa
4403,merasakan
4404,merasakannya
4405,merata
4406,meraup
4407,merayakan
4408,mercedes
4409,mercedesamg
4410,merchandise
4411,merdeka
4412,merebut
4413,meredakan
4414,meredam
4415,merek
4416,mereka
4417,merekalah
4418,merekamereka
4419,merekomendasikan
4420,merekrut
4421,merelaksasi
4422,merembes
4423,merendahkan
4424,merespon
4425,merespons
4426,meriah
4427,merilis
4428,merinci
4429,merincikan
4430,merindukan
4431,meringankan
4432,merlion
4433,merta
4434,merugikan
4435,merupaka
4436,merupakan
4437,merupaya
4438,mesin
4439,meski
4440,meskipun
4441,mesti
4442,mestinya
4443,meter
4444,metode
4445,metrik
4446,metro
4447,meutya
4448,mewakili
4449,mewantiwanti
4450,mewaspadai
4451,mewujudkan
4452,mewujudkannya
4453,meyakini
4454,meyakinkan
4455,mglv
4456,mgpa
4457,mi
4458,michael
4459,midi
4460,midstream
4461,migrasi
4462,mikir
4463,mikirin
4464,mikro
4465,miliar
4466,miliband
4467,milik
4468,miliki
4469,miliknya
4470,militer
4471,milo
4472,milos
4473,mimpi
4474,min
4475,minala
4476,minat
4477,minatnya
4478,mindful
4479,mineral
4480,minggit
4481,minggu
4482,mingguan
4483,mini
4484,minim
4485,minimal
4486,minimum
4487,minta
4488,minum
4489,minuma
4490,minuman
4491,minyak
4492,minyakita
4493,mirip
4494,misal
4495,misalkan
4496,misalnya
4497,misano
4498,misbakhun
4499,misi
4500,misinformasi
4501,misinya
4502,miss
4503,mission
4504,mitigasi
4505,mitra
4506,mixed
4507,ml
4508,mm
4509,mma
4510,mmea
4511,mmmds
4512,mmscfd
4513,mobil
4514,mobility
4515,mobilmobil
4516,mobilnya
4517,moda
4518,modal
4519,model
4520,modern
4521,modernisasi
4522,moeharmein
4523,moh
4524,mohd
4525,mohon
4526,momen
4527,momentum
4528,monas
4529,moneter
4530,monitor
4531,monitoring
4532,monza
4533,moodys
4534,moonga
4535,moral
4536,morgan
4537,motivasi
4538,moto
4539,motogp
4540,motogpcom
4541,motor
4542,motorhome
4543,motorland
4544,motornya
4545,motorsport
4546,motosan
4547,mou
4548,movement
4549,movements
4550,movie
4551,mpi
4552,mpr
4553,mridul
4554,mrpbay
4555,mrquez
4556,mrt
4557,msci
4558,mtpa
4559,muay
4560,mubarok
4561,muda
4562,mudah
4563,mudahmudahan
4564,mudamuda
4565,mufti
4566,muhamad
4567,muhammad
4568,mukhamad
4569,mukhtaris
4570,mukti
4571,mulai
4572,mulia
4573,multi
4574,multievent
4575,multigenre
4576,multiguna
4577,multinasional
4578,multiple
4579,multiplier
4580,mulus
4581,mulyanto
4582,muna
4583,muncul
4584,mundiavocat
4585,mundur
4586,mungkin
4587,municipal
4588,murah
4589,muri
4590,murni
4591,music
4592,musik
4593,musim
4594,muslim
4595,mustahil
4596,mutakhir
4597,mutiara
4598,muwujudkan
4599,nac
4600,nagoya
4601,nah
4602,naik
4603,naikkan
4604,naiknya
4605,naikturun
4606,nakamura
4607,nama
4608,namanama
4609,namanya
4610,nambo
4611,namun
4612,nan
4613,nanti
4614,nantinya
4615,napas
4616,narik
4617,narkoba
4618,narkotika
4619,nasabah
4620,nasdaq
4621,nasib
4622,nasional
4623,nasionalnya
4624,nathan
4625,nathaniel
4626,natindo
4627,national
4628,nats
4629,natsir
4630,natural
4631,nawaf
4632,nawafindah
4633,ndak
4634,ndc
4635,nech
4636,negara
4637,negaranegara
4638,negatif
4639,negeri
4640,negosiasi
4641,neken
4642,nelayan
4643,nena
4644,nepa
4645,nepal
4646,neraca
4647,neraka
4648,nerbitin
4649,nestle
4650,net
4651,netflix
4652,new
4653,newbie
4654,nexal
4655,nextier
4656,ngaco
4657,ngacongaco
4658,ngapain
4659,ngc
4660,ngedadak
4661,ngegas
4662,ngelukis
4663,ngepush
4664,nggak
4665,ngoyo
4666,ngurah
4667,ni
4668,niaga
4669,niat
4670,nice
4671,nick
4672,nico
4673,night
4674,nih
4675,nik
4676,nikel
4677,nikmati
4678,nikolaus
4679,nilai
4680,nilainilai
4681,nilainya
4682,nilson
4683,nine
4684,nirundorn
4685,nita
4686,noc
4687,nol
4688,nomad
4689,nomaden
4690,nomor
4691,nomurashimogami
4692,nomurayuichi
4693,non
4694,nonbank
4695,nonpso
4696,nonpupuk
4697,nonsubsidi
4698,nonton
4699,normal
4700,norman
4701,norris
4702,northsouth
4703,norwegia
4704,nostalgia
4705,nota
4706,notaris
4707,notificationpenawaran
4708,notifikasi
4709,nova
4710,november
4711,npc
4712,npwp
4713,nrca
4714,ntb
4715,ntt
4716,nuansa
4717,nung
4718,nur
4719,nurburgring
4720,nurmagomedov
4721,nurman
4722,nursanthyasto
4723,nursanty
4724,nusa
4725,nusantara
4726,nusron
4727,nutrisi
4728,nyaman
4729,nyampe
4730,nyaris
4731,nyata
4732,nyenyak
4733,objek
4734,obligasi
4735,obligation
4736,obstacle
4737,ocon
4738,octa
4739,odea
4740,odeaben
4741,of
4742,officer
4743,official
4744,offshore
4745,offtaker
4746,ofisial
4747,ogura
4748,oh
4749,oikn
4750,ojk
4751,ojol
4752,okki
4753,oknum
4754,oknumoknum
4755,oktagon
4756,okto
4757,oktober
4758,oktohari
4759,olah
4760,olahan
4761,olahraga
4762,olahraganya
4763,oleh
4764,olehnya
4765,olimpiade
4766,oliver
4767,olympic
4768,omnibus
4769,omong
4770,omongan
4771,one
4772,onic
4773,online
4774,only
4775,open
4776,opening
4777,operasi
4778,operasional
4779,operasionalnya
4780,operation
4781,operational
4782,operator
4783,optimal
4784,optimalisasi
4785,optimalkan
4786,optimis
4787,optimismennya
4788,optimistis
4789,oracle
4790,orang
4791,orangnya
4792,orangorang
4793,order
4794,organ
4795,organisasi
4796,organisasiorganisasi
4797,organizer
4798,oriental
4799,oriented
4800,oscar
4801,oskaria
4802,oss
4803,otomasi
4804,otomatis
4805,otomotif
4806,otorita
4807,otoritas
4808,otot
4809,otp
4810,out
4811,outdoor
4812,outlet
4813,outnya
4814,outsourcing
4815,over
4816,overblok
4817,overbloknya
4818,overview
4819,ownbrand
4820,pablo
4821,pabrik
4822,pabrikan
4823,pabrikpabrik
4824,pabsi
4825,pace
4826,pack
4827,package
4828,pacu
4829,pacuan
4830,pada
4831,padahal
4832,padam
4833,padanya
4834,padaribu
4835,padel
4836,pademangan
4837,pagi
4838,pagu
4839,paham
4840,pahit
4841,pahlawan
4842,pahlevi
4843,paitonbesuki
4844,pajak
4845,pak
4846,pakai
4847,pakaian
4848,pakainya
4849,pakar
4850,paket
4851,paku
4852,palcemaking
4853,palestina
4854,paling
4855,paman
4856,pamerkan
4857,pamungkas
4858,panahan
4859,panas
4860,panca
4861,pancasila
4862,pancasilauniversitas
4863,pandang
4864,pandangan
4865,pandu
4866,panduan
4867,panen
4868,pangan
4869,pangandaran
4870,panggung
4871,pangkas
4872,pangkat
4873,pangkoopsudnas
4874,panglima
4875,panic
4876,panik
4877,panitia
4878,panjang
4879,panjat
4880,pantai
4881,pantang
4882,pantas
4883,pantau
4884,pantoja
4885,pantuan
4886,papan
4887,papar
4888,paparan
4889,paparkan
4890,paparnya
4891,papua
4892,para
4893,parade
4894,paradisus
4895,paralayang
4896,paralimpiade
4897,paralympic
4898,paramedis
4899,paramount
4900,paripurna
4901,paris
4902,pariwisata
4903,parkir
4904,parlemen
4905,partai
4906,partikel
4907,partikelnya
4908,partisipan
4909,partisipasi
4910,partner
4911,partnernya
4912,partners
4913,partnership
4914,paruh
4915,parung
4916,pas
4917,pasal
4918,pasalnya
4919,pasangan
4920,pasangannya
4921,pasanganpasangan
4922,pasar
4923,pasaribu
4924,pasarnya
4925,pasca
4926,pascabencana
4927,pascapon
4928,pasifik
4929,pasok
4930,pasokan
4931,passion
4932,password
4933,pasteurisasi
4934,pasti
4935,pastikan
4936,pastinya
4937,pasukan
4938,patah
4939,patimban
4940,patokan
4941,patra
4942,patrin
4943,patris
4944,patroli
4945,patut
4946,paulo
4947,payment
4948,payout
4949,payroll
4950,payung
4951,pb
4952,pbp
4953,pbpi
4954,pbsi
4955,pbti
4956,pebalap
4957,pebalapnya
4958,pebalappebalap
4959,pebasket
4960,pebisnis
4961,pebulu
4962,pebulutangkis
4963,pecah
4964,pecahkan
4965,pecatur
4966,pecco
4967,pecinan
4968,pecinta
4969,pedagang
4970,pedas
4971,pede
4972,pedro
4973,pedrosa
4974,peduli
4975,pegang
4976,pegawai
4977,pegokar
4978,pejabat
4979,pekan
4980,pekanbaru
4981,pekerja
4982,pekerjaan
4983,pektoralis
4984,pelacakan
4985,pelajar
4986,pelajaran
4987,pelajarannya
4988,pelajari
4989,pelaksana
4990,pelaksanaan
4991,pelaksanaannya
4992,pelaku
4993,pelan
4994,pelanggan
4995,pelanggaran
4996,pelanpelan
4997,pelantikan
4998,pelari
4999,pelat
5000,pelatih
5001,pelatihan
5002,pelatihpelatih
5003,pelatnas
5004,pelayanan
5005,pelelangan
5006,pelemahan
5007,pelengkap
5008,pelepasan
5009,pelimpahan
5010,pelindung
5011,pelosok
5012,pelti
5013,peluang
5014,pelunasan
5015,pemadam
5016,pemadaman
5017,pemagangan
5018,pemahaman
5019,pemain
5020,pemainnya
5021,pemainpemain
5022,pemajakan
5023,pemakaian
5024,pemanah
5025,pemanasan
5026,pemandangan
5027,pemanfaatan
5028,pemangkasan
5029,pemangku
5030,pemantauan
5031,pemaparan
5032,pemasangan
5033,pemasaran
5034,pemasyarakatan
5035,pembagian
5036,pembahasan
5037,pembalap
5038,pembangunan
5039,pembaruan
5040,pembatalan
5041,pembatasan
5042,pembayar
5043,pembayaran
5044,pembayarannya
5045,pembeda
5046,pembekuan
5047,pembelajaran
5048,pembeli
5049,pembelian
5050,pembentukan
5051,pemberangkatannya
5052,pemberian
5053,pembersihan
5054,pembiayaan
5055,pembina
5056,pembinaan
5057,pemblokiran
5058,pembuatan
5059,pembuka
5060,pembukaan
5061,pembuktian
5062,pembukuan
5063,pemda
5064,pemegang
5065,pemeliharaan
5066,pemenang
5067,pemenuhan
5068,pemerataan
5069,pemeriksaan
5070,pemerintah
5071,pemerintahan
5072,pemerintahnya
5073,pemeritah
5074,pemesanan
5075,pemicunya
5076,pemilihan
5077,pemilik
5078,pemilikinya
5079,pemiliknya
5080,pemimpin
5081,pemimpinnya
5082,peminat
5083,peminatnya
5084,pemindahan
5085,pemprov
5086,pemrosesan
5087,pemuda
5088,pemukim
5089,pemula
5090,pemulihan
5091,pemuncak
5092,pemungutan
5093,pemusatan
5094,pemusnahan
5095,pemutakhiran
5096,pemutusan
5097,pen
5098,penahanan
5099,penalti
5100,penambahan
5101,penampilan
5102,penampungan
5103,penanaman
5104,penanda
5105,penandatanganan
5106,penanganan
5107,penanganannya
5108,penangguhan
5109,penanggulangan
5110,penarikan
5111,penasaran
5112,penataan
5113,penawar
5114,penawaran
5115,pencapaian
5116,pencari
5117,pencarian
5118,pencatatan
5119,pencegahan
5120,penciptaan
5121,pendaftaran
5122,pendaftarannya
5123,pendahulu
5124,pendampingan
5125,pendanaan
5126,pendapat
5127,pendapatan
5128,pendaratan
5129,pendatang
5130,pendek
5131,pendekatan
5132,pendekatannya
5133,pendidikan
5134,pendidikannya
5135,pendopo
5136,penduduk
5137,pendudukan
5138,pendukung
5139,pendukungnya
5140,penebusan
5141,penelitian
5142,penempatan
5143,penentu
5144,penentuan
5145,penerapan
5146,penerapannya
5147,penerbangan
5148,penerbitan
5149,penerima
5150,penerimaan
5151,penertiban
5152,penetapan
5153,penetrasi
5154,pengadaan
5155,pengadilan
5156,pengadilanselanjutnya
5157,pengaduan
5158,pengajuan
5159,pengajuannya
5160,pengakuan
5161,pengalaman
5162,pengalamannya
5163,pengamat
5164,pengambilan
5165,penganggaran
5166,pengangguran
5167,pengantaran
5168,pengaruh
5169,pengaturan
5170,pengawalan
5171,pengawas
5172,pengawasan
5173,pengawet
5174,pengecekan
5175,pengecualian
5176,pengelola
5177,pengelolaan
5178,pengelompokan
5179,pengembalian
5180,pengembang
5181,pengembangan
5182,pengerahan
5183,pengertian
5184,pengesahan
5185,pengetahuan
5186,pengganti
5187,penggantian
5188,penggantinya
5189,penggeber
5190,penggemar
5191,penggembira
5192,penggerak
5193,penggiat
5194,pengguna
5195,penggunaan
5196,penggunaannya
5197,penghantar
5198,penghargaan
5199,penghasil
5200,penghasilan
5201,penghematan
5202,penghitungan
5203,penghormatan
5204,penginapan
5205,pengingat
5206,pengiriman
5207,pengobatan
5208,pengolahan
5209,pengoperasian
5210,pengprov
5211,penguat
5212,penguatan
5213,penguji
5214,pengukuhan
5215,pengumpulan
5216,pengumuman
5217,pengungsi
5218,pengungsian
5219,pengunjung
5220,pengupahan
5221,pengurangan
5222,pengurus
5223,pengusaha
5224,penikmat
5225,penilai
5226,penilaian
5227,penindakan
5228,peninggalan
5229,peningkatan
5230,peninjau
5231,peninjauan
5232,penjaga
5233,penjajakan
5234,penjamin
5235,penjaminan
5236,penjelasan
5237,penjual
5238,penjualan
5239,penjualannya
5240,penjuru
5241,penonton
5242,penontonnya
5243,pensiun
5244,penske
5245,pentathlon
5246,penting
5247,pentingnya
5248,penugasan
5249,penuh
5250,penulisan
5251,penumpang
5252,penumpukan
5253,penundaan
5254,penurunan
5255,penutup
5256,penutupan
5257,penyalahgunaan
5258,penyaluran
5259,penyalurannya
5260,penyangga
5261,penyebab
5262,penyebarluasan
5263,penyedia
5264,penyediaan
5265,penyekat
5266,penyelenggara
5267,penyelenggaraan
5268,penyelesaian
5269,penyelesaiannya
5270,penyelewengan
5271,penyemprotan
5272,penyempurnaan
5273,penyerahan
5274,penyesuaian
5275,penyewaan
5276,penyidikan
5277,penyisihan
5278,penyisiran
5279,penyitaan
5280,penyusunan
5281,penyusupan
5282,per
5283,peradi
5284,peraih
5285,perairan
5286,perak
5287,peralatan
5288,perampasan
5289,peran
5290,perang
5291,perangkat
5292,perannya
5293,perapihan
5294,perasa
5295,perasaan
5296,peraturan
5297,perawatan
5298,perayaan
5299,perbaikan
5300,perbankan
5301,perbasasi
5302,perbasi
5303,perbedaan
5304,perbendaharaan
5305,perburuan
5306,percasi
5307,percaya
5308,percepat
5309,percepatan
5310,perdagangan
5311,perdana
5312,perdanakusuma
5313,perdebatan
5314,perebutan
5315,peredaraan
5316,peredaran
5317,perekonomian
5318,peremajaan
5319,perempat
5320,perempatfinal
5321,perempuan
5322,perencanaan
5323,perez
5324,performa
5325,performance
5326,performanya
5327,performer
5328,pergelangan
5329,pergerakan
5330,pergeseran
5331,pergi
5332,perhatian
5333,perhatikan
5334,perhitungan
5335,perhitungannya
5336,periksa
5337,perindustrian
5338,peringatan
5339,peringkat
5340,perintah
5341,periode
5342,periodico
5343,peristiwa
5344,peristiwaperistiwa
5345,perizinan
5346,perjalanan
5347,perjalanannya
5348,perjanjian
5349,perjuangan
5350,perjuangannya
5351,perkara
5352,perkasa
5353,perkebunan
5354,perkembangan
5355,perkeonomian
5356,perkiraan
5357,perkotaan
5358,perkuat
5359,perkumpulan
5360,perlambatan
5361,perlawan
5362,perlawanan
5363,perlengkapan
5364,perlindungan
5365,perlombaan
5366,perlu
5367,perluasan
5368,perlukan
5369,perlunya
5370,permain
5371,permainan
5372,permainannya
5373,permainanpermainan
5374,permasalahan
5375,permintaan
5376,permodalan
5377,permohonan
5378,permukaan
5379,permukiman
5380,permulaan
5381,pernah
5382,pernat
5383,pernikahan
5384,pernyataan
5385,perolehan
5386,perombakan
5387,perorangan
5388,peroranganganda
5389,perpajakan
5390,perpanjangan
5391,perpindahan
5392,perpres
5393,perputaran
5394,pers
5395,persada
5396,persaingan
5397,persaingannya
5398,persatuan
5399,persediaan
5400,persen
5401,persentase
5402,persepsi
5403,perserikatan
5404,persero
5405,perseroan
5406,perseroda
5407,persetujuan
5408,persia
5409,persiapan
5410,persiapannya
5411,persiapkan
5412,persnya
5413,persoalan
5414,persoalannya
5415,persyaratan
5416,pertahanan
5417,pertahankan
5418,pertama
5419,pertamanya
5420,pertamatama
5421,pertamax
5422,pertambangan
5423,pertamina
5424,pertanahan
5425,pertandingan
5426,pertandinganmelalui
5427,pertandinganmu
5428,pertanian
5429,pertanyaan
5430,pertarungan
5431,pertashop
5432,pertempuran
5433,pertemuan
5434,pertimbangan
5435,pertiwi
5436,pertma
5437,pertolongan
5438,pertukar
5439,pertukaran
5440,pertumbuhan
5441,pertunjukan
5442,peru
5443,perubahan
5444,perum
5445,perundangundangan
5446,perunggu
5447,perusahaan
5448,perusahaannya
5449,perusahaanperusahaan
5450,perusakan
5451,perwakilan
5452,pesaing
5453,pesaingnya
5454,pesan
5455,pesanggrahan
5456,pesat
5457,pesawat
5458,peserta
5459,pesertanya
5460,pesimisme
5461,pesta
5462,peta
5463,petak
5464,petang
5465,petani
5466,petarung
5467,petathlon
5468,petenis
5469,peternak
5470,peti
5471,petipeti
5472,petrofin
5473,petronas
5474,petrus
5475,petugas
5476,petunjuk
5477,pewarna
5478,pewarta
5479,phk
5480,pho
5481,phoenix
5482,piagam
5483,piala
5484,piastri
5485,picks
5486,pickupnya
5487,pictwittercomivemnqnriz
5488,pidana
5489,pidato
5490,pierre
5491,pihak
5492,pihaknya
5493,pihakpihak
5494,pijat
5495,pikir
5496,pikiran
5497,pilar
5498,pilihan
5499,pilihannya
5500,pimpin
5501,pimpinan
5502,pin
5503,pindah
5504,pingpong
5505,pinjam
5506,pinjaman
5507,pintu
5508,pipa
5509,pipc
5510,piranha
5511,pirelli
5512,pirolisis
5513,pit
5514,piutang
5515,pkh
5516,pkwt
5517,placemaking
5518,plain
5519,plan
5520,planning
5521,plastik
5522,plat
5523,platform
5524,play
5525,plus
5526,pm
5527,pmhmetd
5528,pmk
5529,pnm
5530,podcast
5531,podium
5532,poin
5533,poinpoin
5534,point
5535,pojk
5536,pojkpojk
5537,pokmon
5538,pokok
5539,pol
5540,pola
5541,polandia
5542,pole
5543,polemik
5544,politik
5545,polres
5546,polri
5547,pon
5548,pondasi
5549,pondok
5550,pool
5551,popularitas
5552,populer
5553,popup
5554,pordasi
5555,porsche
5556,porsi
5557,portimao
5558,portofolio
5559,portugal
5560,pos
5561,pose
5562,posisi
5563,posisinya
5564,positif
5565,posko
5566,postingan
5567,postur
5568,potensi
5569,potensial
5570,potensinya
5571,potentia
5572,potongan
5573,pounds
5574,poundsterling
5575,power
5576,powers
5577,pp
5578,pph
5579,ppi
5580,pr
5581,prabowo
5582,practice
5583,pradipta
5584,prakiraan
5585,praktik
5586,praktikal
5587,praktiknya
5588,praktis
5589,praktisi
5590,prakusya
5591,prambananmaguwoharjo
5592,pramono
5593,pramuka
5594,prancis
5595,pranowo
5596,prasarana
5597,prasetyo
5598,prastawa
5599,pratama
5600,pratiwi
5601,pre
5602,preapproved
5603,prediksi
5604,prediksikan
5605,prefinal
5606,premium
5607,presale
5608,presentasi
5609,presiden
5610,presidium
5611,press
5612,prestasi
5613,prestasinya
5614,preventif
5615,pria
5616,pribadi
5617,pribadinya
5618,price
5619,pricenya
5620,pricing
5621,pricingnya
5622,prihatin
5623,prima
5624,primasta
5625,primer
5626,prinsip
5627,prinsipal
5628,prinsipnya
5629,priok
5630,prioritas
5631,prismatama
5632,prix
5633,problem
5634,probolinggo
5635,probolinggobanyuwangi
5636,probolinggositubondo
5637,procurement
5638,producer
5639,produk
5640,produknya
5641,produkproduk
5642,produksi
5643,produktif
5644,produktivitas
5645,produsen
5646,prof
5647,profesi
5648,profesional
5649,professional
5650,profil
5651,profit
5652,profitabilitas
5653,program
5654,programmer
5655,programnya
5656,progres
5657,progress
5658,promo
5659,promosi
5660,promotion
5661,promotor
5662,proper
5663,properti
5664,prophecies
5665,proporsional
5666,prosedur
5667,prosedural
5668,proses
5669,prosesnya
5670,prospek
5671,prosper
5672,protein
5673,protes
5674,provinsi
5675,proyek
5676,psab
5677,psc
5678,psel
5679,psikologis
5680,psk
5681,pt
5682,pte
5683,ptptnya
5684,puan
5685,puas
5686,puasa
5687,public
5688,publik
5689,publikasi
5690,pui
5691,pujianto
5692,pukul
5693,pukulan
5694,pula
5695,pulang
5696,pulau
5697,pulih
5698,puluh
5699,puluhan
5700,pun
5701,puncak
5702,punggung
5703,punggungnya
5704,pungka
5705,pungkas
5706,pungkasnya
5707,punya
5708,pupresnas
5709,pupuk
5710,pupukkondisi
5711,pupus
5712,purbaya
5713,purchase
5714,purn
5715,purwantono
5716,purwoko
5717,pusat
5718,pusatyang
5719,push
5720,pusing
5721,puspitasari
5722,putaran
5723,putera
5724,puteri
5725,putiarsa
5726,putih
5727,putra
5728,putri
5729,putro
5730,putusan
5731,pvmbg
5732,qatar
5733,qris
5734,qualifying
5735,rabu
5736,race
5737,rachel
5738,rachman
5739,racikan
5740,racing
5741,radar
5742,radial
5743,radius
5744,rafalentino
5745,rafalentinoethan
5746,ragam
5747,raghav
5748,ragil
5749,ragu
5750,raharja
5751,rahasia
5752,rahayu
5753,rahmad
5754,rahmat
5755,raihan
5756,raimo
5757,raja
5758,rajab
5759,raksasa
5760,rakyat
5761,rakyatnya
5762,ram
5763,ramadhan
5764,ramadhani
5765,ramadhanti
5766,ramah
5767,ramairamai
5768,ramburambu
5769,ramdhani
5770,rame
5771,ramos
5772,rampasan
5773,rampung
5774,ranbay
5775,rancangan
5776,rangka
5777,rangkaian
5778,rangkasbitung
5779,ranjijurangmangu
5780,ranking
5781,rantai
5782,rapat
5783,rapi
5784,rara
5785,rasa
5786,rasakan
5787,rasanya
5788,rasio
5789,rata
5790,ratarata
5791,ratas
5792,rated
5793,rating
5794,ratings
5795,ratio
5796,ratusan
5797,raul
5798,rawan
5799,rawat
5800,rawit
5801,raya
5802,rayhandevin
5803,razia
5804,rdp
5805,realisasi
5806,realisasinya
5807,realistis
5808,realtime
5809,rebranding
5810,rebut
5811,recording
5812,red
5813,reference
5814,referensi
5815,reformasi
5816,refund
5817,regenerasi
5818,regionalnya
5819,registrasi
5820,registry
5821,regular
5822,regulasi
5823,regulasinya
5824,regulator
5825,regulatory
5826,reguler
5827,reidel
5828,reinhard
5829,rekam
5830,rekan
5831,rekannya
5832,rekanrekan
5833,rekanrekannya
5834,rekayasa
5835,rekening
5836,rekeningnya
5837,rekomendasi
5838,rekonsiliasikan
5839,rekor
5840,rekreasi
5841,rekrutan
5842,rel
5843,relasi
5844,relatif
5845,relation
5846,relations
5847,relevan
5848,relireli
5849,remeh
5850,ren
5851,renang
5852,rencana
5853,rencananya
5854,rendah
5855,renovasi
5856,rentang
5857,rentenir
5858,republik
5859,reseller
5860,resesi
5861,resmi
5862,resminya
5863,resor
5864,resort
5865,resorts
5866,resources
5867,respati
5868,respons
5869,restrukturisasi
5870,retail
5871,retired
5872,reuni
5873,reunian
5874,reuters
5875,review
5876,revisi
5877,revitalisasi
5878,revolut
5879,reza
5880,rezeki
5881,ri
5882,riau
5883,ribu
5884,ribuan
5885,richard
5886,rider
5887,riders
5888,riding
5889,rifqi
5890,rights
5891,rildo
5892,rileks
5893,rilis
5894,rimini
5895,rincian
5896,rinciannya
5897,ring
5898,ringan
5899,ringseknya
5900,rintangan
5901,riset
5902,risiko
5903,risikonya
5904,rising
5905,ristadi
5906,ritel
5907,rival
5908,rivan
5909,rivola
5910,rizal
5911,rizki
5912,road
5913,roadmap
5914,rocket
5915,rocky
5916,roda
5917,roeslani
5918,rojas
5919,rok
5920,rokan
5921,rokok
5922,roll
5923,rolly
5924,rombongan
5925,rombongannya
5926,romy
5927,ronde
5928,rookie
5929,rosan
5930,rose
5931,rosimin
5932,round
5933,rover
5934,rozi
5935,rp
5936,rpc
5937,rptka
5938,rsgp
5939,rti
5940,ruang
5941,ruangan
5942,ruangbadan
5943,ruas
5944,rubber
5945,rubbet
5946,rudi
5947,rudy
5948,rugby
5949,ruhapy
5950,rujukan
5951,rukun
5952,rumah
5953,rumit
5954,run
5955,runcing
5956,rungu
5957,runnerup
5958,runnerupbanten
5959,runnerupjawa
5960,runnerupkalimantan
5961,running
5962,runxperience
5963,rupanya
5964,rupiah
5965,rups
5966,rupsindependen
5967,rupslb
5968,rushartomo
5969,russell
5970,rute
5971,rutenya
5972,rutin
5973,ruu
5974,ryan
5975,ryanair
5976,ryotaro
5977,saat
5978,saatnya
5979,saatsaat
5980,sabah
5981,sabar
5982,sabarrerza
5983,sabarreza
5984,sabrezbadmintonindonesia
5985,sabtu
5986,sabuk
5987,sachs
5988,sachsenring
5989,sadar
5990,sadarkan
5991,sadewa
5992,sadik
5993,sadiqa
5994,safety
5995,saga
5996,saham
5997,sahamnya
5998,said
5999,saifullah
6000,saikia
6001,saing
6002,sainz
6003,saja
6004,sajiannya
6005,saking
6006,sakit
6007,sakral
6008,saksikan
6009,sakti
6010,sal
6011,salah
6012,salahnya
6013,salam
6014,salatiga
6015,saldo
6016,sale
6017,saling
6018,salipmenyalip
6019,saluran
6020,sam
6021,sama
6022,samasama
6023,sambil
6024,samboja
6025,sambung
6026,sambungnya
6027,sambutannya
6028,sampah
6029,sampahnya
6030,sampai
6031,sampaikan
6032,samuel
6033,san
6034,sana
6035,sanasini
6036,sang
6037,sanga
6038,sangat
6039,sangatsangat
6040,sanggah
6041,sanggup
6042,sangka
6043,sangsi
6044,sanjaya
6045,sanksi
6046,santai
6047,santaisantai
6048,santoso
6049,sao
6050,sapaan
6051,sapta
6052,saputera
6053,sar
6054,saraf
6055,sarah
6056,sarana
6057,sarden
6058,sargaco
6059,sari
6060,saring
6061,sarjito
6062,sarjoto
6063,sasaran
6064,sasongko
6065,satgas
6066,sato
6067,satu
6068,satuan
6069,satudua
6070,satunya
6071,satusatunya
6072,saudara
6073,saudarasaudara
6074,saudi
6075,sawit
6076,say
6077,saya
6078,sayang
6079,sayangnya
6080,sayap
6081,sby
6082,sc
6083,scarfiotti
6084,science
6085,scmp
6086,scrimmage
6087,scuderia
6088,sd
6089,se
6090,sea
6091,sean
6092,searah
6093,seasia
6094,season
6095,sebab
6096,sebabnya
6097,sebagai
6098,sebagaimana
6099,sebagainya
6100,sebagian
6101,sebagusbagusnya
6102,sebaikbaiknya
6103,sebaliknya
6104,sebanyak
6105,sebanyakbanyaknya
6106,sebaran
6107,sebastian
6108,sebastianryotaro
6109,sebelah
6110,sebelahnya
6111,sebelum
6112,sebelumnya
6113,sebelumsebelumnya
6114,sebenarnya
6115,seberapa
6116,sebesar
6117,sebesarbesarnya
6118,sebetulnya
6119,sebisa
6120,sebuah
6121,sebulan
6122,sebut
6123,sebutan
6124,secara
6125,secepat
6126,secepatcepatnya
6127,secepatnya
6128,secretary
6129,sedang
6130,sedangkan
6131,sedari
6132,sederet
6133,sederhana
6134,sedih
6135,sedikit
6136,sedikitsedikit
6137,sedini
6138,segala
6139,segalanya
6140,segar
6141,segera
6142,segi
6143,segini
6144,segitu
6145,segmen
6146,sehari
6147,seharihari
6148,seharusnya
6149,sehat
6150,sehingga
6151,seimbang
6152,seiring
6153,sejajar
6154,sejak
6155,sejalan
6156,sejarah
6157,sejatinya
6158,sejauh
6159,sejenis
6160,sejumlah
6161,sekadar
6162,sekali
6163,sekalian
6164,sekaligus
6165,sekalipun
6166,sekarang
6167,sekat
6168,sekelas
6169,sekian
6170,sekitar
6171,sekitarnya
6172,sekolah
6173,sekolahnya
6174,sekretaris
6175,seksi
6176,sektor
6177,sektoral
6178,selagi
6179,selain
6180,selaku
6181,selalu
6182,selam
6183,selama
6184,selamat
6185,selandia
6186,selangka
6187,selangkah
6188,selanjutnya
6189,selasa
6190,selat
6191,selatan
6192,selayaknya
6193,selebihnya
6194,selebritas
6195,seleksi
6196,selepas
6197,selesai
6198,selffulfilling
6199,selisih
6200,selisihnya
6201,seller
6202,seluas
6203,seluasluasnya
6204,seluruh
6205,seluruhnya
6206,semacam
6207,semakin
6208,semaksimal
6209,semangat
6210,semangatnya
6211,semanggi
6212,semarak
6213,semarang
6214,semasa
6215,sembarang
6216,sembilan
6217,semenjak
6218,sementar
6219,sementara
6220,semesta
6221,semester
6222,semifinal
6223,seminar
6224,semoga
6225,sempat
6226,sempurna
6227,semua
6228,semuanya
6229,semula
6230,senada
6231,senang
6232,senayan
6233,sendiri
6234,sendirian
6235,sendok
6236,senen
6237,sengaja
6238,senggolan
6239,sengit
6240,seni
6241,senilai
6242,senin
6243,senior
6244,senjata
6245,sensasi
6246,sensor
6247,sentimen
6248,sentra
6249,sentul
6250,seorang
6251,sep
6252,sepak
6253,sepakat
6254,sepakati
6255,sepakbola
6256,sepaku
6257,sepanjang
6258,sepekan
6259,sepenuhnya
6260,seperti
6261,sepertiga
6262,sepertinya
6263,sepihak
6264,september
6265,septian
6266,seputar
6267,seragam
6268,serahkan
6269,serangan
6270,seranganserangan
6271,serangkaian
6272,serapan
6273,seraya
6274,serba
6275,serbaguna
6276,seremoni
6277,seremonial
6278,serempak
6279,serentak
6280,sergio
6281,seri
6282,seribu
6283,serie
6284,series
6285,serikat
6286,serikatspanyol
6287,sering
6288,serius
6289,seriusi
6290,serpihan
6291,serpong
6292,serta
6293,sertifikasi
6294,sertifikat
6295,seru
6296,seruan
6297,serupa
6298,serve
6299,service
6300,servis
6301,sesaat
6302,sesama
6303,sesekali
6304,seseorang
6305,sesi
6306,sesuai
6307,sesuatu
6308,sesudah
6309,set
6310,setahun
6311,setara
6312,setelah
6313,setelahnya
6314,setempat
6315,setengah
6316,setengahsetengah
6317,seterusnya
6318,setia
6319,setianingrum
6320,setiap
6321,setibanya
6322,setidaknya
6323,setidaktidaknya
6324,setim
6325,setimnya
6326,setinggitingginya
6327,setio
6328,setor
6329,setoran
6330,setting
6331,setuju
6332,setusadang
6333,seumur
6334,seung
6335,seusai
6336,sewa
6337,sewamenyewanya
6338,sewanya
6339,sha
6340,shaaban
6341,shanada
6342,shanghai
6343,shangluo
6344,shanker
6345,share
6346,sharing
6347,shchns
6348,shearer
6349,shenzen
6350,shenzhen
6351,shibuya
6352,shifter
6353,shimogami
6354,shiratha
6355,shohibul
6356,shop
6357,shopee
6358,shovel
6359,si
6360,siaga
6361,sial
6362,siap
6363,siapa
6364,siapkan
6365,siapkerja
6366,siaran
6367,siber
6368,sidang
6369,sidoarjo
6370,signifikan
6371,sih
6372,sikap
6373,sikapnya
6374,siksng
6375,silaturahmi
6376,silitonga
6377,siluet
6378,silva
6379,silver
6380,silverstone
6381,simak
6382,simanjuntak
6383,simoncelli
6384,simpanan
6385,simpang
6386,simpel
6387,sinabung
6388,sinergi
6389,singapura
6390,singgasana
6391,singgung
6392,singh
6393,singkat
6394,single
6395,singleton
6396,sini
6397,sinilah
6398,sinurat
6399,sinyal
6400,sipil
6401,sirih
6402,sirkuit
6403,sirkuitsirkuit
6404,sisa
6405,sisanya
6406,sisi
6407,sistem
6408,sistemnya
6409,siswa
6410,siswarini
6411,sita
6412,sitaan
6413,siti
6414,situ
6415,situasi
6416,situs
6417,sk
6418,skala
6419,skb
6420,skema
6421,skemanya
6422,skenario
6423,skill
6424,skor
6425,skuad
6426,skuadnya
6427,sky
6428,sl
6429,sla
6430,slamet
6431,sleman
6432,slide
6433,slogan
6434,slot
6435,slotmu
6436,sma
6437,smart
6438,smarthome
6439,smartpolitan
6440,smi
6441,smma
6442,smp
6443,smv
6444,soal
6445,social
6446,soeharto
6447,soekarno
6448,softball
6449,softlens
6450,software
6451,solar
6452,solid
6453,solikin
6454,solo
6455,solusi
6456,solusinya
6457,sombong
6458,song
6459,soni
6460,sonmoahi
6461,sore
6462,sorotan
6463,sosial
6464,sosialisasi
6465,sosialnya
6466,sosok
6467,sosovalue
6468,soul
6469,sourcing
6470,south
6471,sp
6472,spa
6473,spafrancorchamps
6474,spam
6475,spanyol
6476,sparingsparing
6477,sparta
6478,spbu
6479,special
6480,speed
6481,spending
6482,spesial
6483,spesialnya
6484,spesifik
6485,spirit
6486,spiritual
6487,spkp
6488,sponsor
6489,sport
6490,sportif
6491,sportifitas
6492,sportivitas
6493,sportourism
6494,sports
6495,sportswear
6496,spot
6497,sppg
6498,sppgsppg
6499,spptdln
6500,sprint
6501,sptnya
6502,square
6503,ss
6504,ssia
6505,st
6506,stabil
6507,stadion
6508,stadium
6509,staf
6510,staff
6511,stage
6512,stagnan
6513,stamina
6514,stand
6515,standar
6516,stanley
6517,stansted
6518,star
6519,stardec
6520,stars
6521,start
6522,starting
6523,stasiun
6524,stasiunstasiun
6525,station
6526,statistik
6527,status
6528,statusnya
6529,statuta
6530,stay
6531,stefan
6532,step
6533,stephanie
6534,steril
6535,steven
6536,stok
6537,stop
6538,storage
6539,straight
6540,straits
6541,straitstimes
6542,strategi
6543,strateginya
6544,strategis
6545,stream
6546,streamlining
6547,streamliningnya
6548,strength
6549,stres
6550,strip
6551,stroll
6552,struktur
6553,struktural
6554,struyven
6555,studi
6556,studio
6557,suaminya
6558,suara
6559,suasana
6560,suasananya
6561,suatu
6562,subang
6563,subianto
6564,subisidi
6565,subjek
6566,submission
6567,subroto
6568,subsidi
6569,substansi
6570,sudah
6571,sudara
6572,sudarso
6573,sudaryono
6574,sudimararawabuntu
6575,sudirman
6576,sudut
6577,suka
6578,sukai
6579,sukarela
6580,sukatepu
6581,sukses
6582,suku
6583,sukun
6584,sulaiman
6585,sulawesi
6586,sulistijono
6587,sulistyo
6588,sulit
6589,sulitnya
6590,sultan
6591,suma
6592,sumadilaga
6593,sumatera
6594,sumatra
6595,sumba
6596,sumber
6597,sumbernya
6598,sumbersumber
6599,summit
6600,sumpah
6601,sumpahnya
6602,sumur
6603,sunarno
6604,sunarto
6605,sunda
6606,sungguhan
6607,sungguhsungguh
6608,sunglasses
6609,sunnah
6610,sunsetalk
6611,sunter
6612,supaya
6613,super
6614,supermarket
6615,superstar
6616,supervisory
6617,supplier
6618,support
6619,surabaya
6620,surat
6621,suratman
6622,suratnya
6623,suretyship
6624,surono
6625,surpres
6626,surprise
6627,suruh
6628,survei
6629,surya
6630,suryo
6631,susah
6632,susanto
6633,susantoyan
6634,susilo
6635,susu
6636,susulan
6637,susulmenyusul
6638,susulsusulan
6639,swalayan
6640,swasembada
6641,swasta
6642,swedia
6643,swiss
6644,syahnawi
6645,syarat
6646,syaratsyarat
6647,syariah
6648,synergy
6649,system
6650,sze
6651,ta
6652,taat
6653,tabrak
6654,tadi
6655,tadinya
6656,taekwondo
6657,tagih
6658,taguchi
6659,tahan
6660,tahap
6661,tahapan
6662,tahrizi
6663,tahta
6664,tahu
6665,tahun
6666,tahunan
6667,tahunnya
6668,tahununtuk
6669,tahura
6670,taiwan
6671,tajam
6672,taji
6673,tak
6674,takahashiikeda
6675,takdir
6676,takedown
6677,taker
6678,takluk
6679,taktik
6680,takumi
6681,takut
6682,takwim
6683,talenta
6684,talentatalenta
6685,taman
6686,tambah
6687,tambahan
6688,tambahnya
6689,tambang
6690,tampak
6691,tampil
6692,tampilan
6693,tampubolon
6694,tampung
6695,tan
6696,tanah
6697,tanam
6698,tanaman
6699,tanapat
6700,tancap
6701,tanda
6702,tandas
6703,tandasnya
6704,tandem
6705,tanding
6706,tang
6707,tangan
6708,tangani
6709,tangannya
6710,tangerang
6711,tangga
6712,tanggal
6713,tanggap
6714,tangguh
6715,tanggung
6716,tangis
6717,tangkas
6718,tangkis
6719,tanjung
6720,tanker
6721,tanpa
6722,tantang
6723,tantangan
6724,tantangantantangan
6725,tanya
6726,tanyadetikfinance
6727,tanyanya
6728,taobao
6729,tap
6730,tapi
6731,tardozzi
6732,target
6733,targettarget
6734,tarif
6735,tarik
6736,tata
6737,tau
6738,taufik
6739,tauhid
6740,tawa
6741,tawar
6742,tawaran
6743,tax
6744,tayang
6745,tayangan
6746,tbk
6747,team
6748,tebak
6749,tebakan
6750,tebing
6751,tech
6752,technician
6753,technology
6754,tegalwaton
6755,tegas
6756,tegasnya
6757,tekad
6758,tekan
6759,tekanan
6760,teknik
6761,teknis
6762,teknisi
6763,teknisnya
6764,teknokratis
6765,teknologi
6766,telah
6767,telak
6768,telan
6769,telat
6770,teliti
6771,telkom
6772,telkomgroup
6773,telkomproperty
6774,teluk
6775,telur
6776,telusuri
6777,tema
6778,teman
6779,temanteman
6780,temanya
6781,tembaga
6782,tembakau
6783,tembus
6784,tempat
6785,tempatnya
6786,tempattempat
6787,temple
6788,tempo
6789,tempuh
6790,tempur
6791,temu
6792,temuan
6793,tenaga
6794,tenan
6795,tenang
6796,tenant
6797,tender
6798,tengah
6799,tengahtengah
6800,tenggara
6801,tenggat
6802,tengkorak
6803,tengkurap
6804,tenis
6805,tennis
6806,tenor
6807,tent
6808,tentang
6809,tentara
6810,tentu
6811,tentunya
6812,teori
6813,tepat
6814,tepi
6815,tepuk
6816,teqball
6817,terakhir
6818,terakomodasi
6819,terancam
6820,terang
6821,terangnya
6822,teranyar
6823,terapkan
6824,terarah
6825,terasa
6826,teratas
6827,teratasi
6828,teratur
6829,terbaca
6830,terbagi
6831,terbaik
6832,terbaiknya
6833,terbakar
6834,terbang
6835,terbanyak
6836,terbaru
6837,terbarukan
6838,terbatas
6839,terbayangkan
6840,terbebani
6841,terbendung
6842,terbentuk
6843,terbesar
6844,terbiasa
6845,terbit
6846,terbuka
6847,terbukti
6848,terburuk
6849,tercapai
6850,tercatat
6851,tercepat
6852,tercipta
6853,terdahulu
6854,terdampak
6855,terdapat
6856,terdata
6857,terdekat
6858,terdekatnya
6859,terdepan
6860,terdeteksi
6861,terdiri
6862,terencana
6863,terendah
6864,teres
6865,tergabung
6866,terganggu
6867,terganggunya
6868,tergantung
6869,tergerus
6870,tergolong
6871,terhadap
6872,terhenti
6873,terima
6874,teringat
6875,terinspirasi
6876,terintegrasi
6877,terisi
6878,terjadi
6879,terjaga
6880,terjalin
6881,terjangkau
6882,terjatuh
6883,terjawab
6884,terjual
6885,terkadang
6886,terkait
6887,terkecil
6888,terkejar
6889,terkena
6890,terkendala
6891,terkendali
6892,terkesan
6893,terkini
6894,terkonsolidasi
6895,terkoordinasi
6896,terkoreksi
6897,terkualifikasi
6898,terkuat
6899,terlaksana
6900,terlalu
6901,terlambat
6902,terlampaui
6903,terlayani
6904,terlebih
6905,terlepas
6906,terlibat
6907,terlihat
6908,terlindungi
6909,termakan
6910,termal
6911,termasuk
6912,terminal
6913,termotivasi
6914,termuda
6915,ternama
6916,ternyata
6917,terobosan
6918,terobsesi
6919,terpacu
6920,terpadu
6921,terpakai
6922,terpaksa
6923,terpangkas
6924,terpangkasnya
6925,terpantau
6926,terparkir
6927,terpatri
6928,terpaut
6929,terpengaruh
6930,terpenting
6931,terpenuhi
6932,terpenuhinya
6933,terpercaya
6934,terpidana
6935,terpilih
6936,terpisah
6937,terpola
6938,terpuruk
6939,tersalurkan
6940,tersambung
6941,tersebar
6942,tersebut
6943,tersebutselain
6944,tersedia
6945,tersedianya
6946,tersendiri
6947,tersimpan
6948,tersingkir
6949,tersingkirnya
6950,tersisa
6951,tersungkur
6952,tertahan
6953,tertarik
6954,tertekan
6955,tertentu
6956,tertib
6957,tertinggal
6958,tertinggi
6959,tertingginya
6960,tertuju
6961,tertulis
6962,tertulisnya
6963,tertutup
6964,terukur
6965,terus
6966,terutama
6967,terverifikasi
6968,terwujud
6969,tes
6970,test
6971,tetangga
6972,tetap
6973,tetapi
6974,tetep
6975,texas
6976,tf
6977,tgr
6978,thai
6979,thailand
6980,thalita
6981,thamrin
6982,thats
6983,the
6984,thio
6985,thohir
6986,thomas
6987,throwdown
6988,tiap
6989,tiba
6990,tibatiba
6991,tidak
6992,tidar
6993,tidur
6994,tie
6995,tiebreak
6996,tier
6997,tiga
6998,tiket
6999,tiktok
7000,tikungan
7001,tim
7002,timbul
7003,timbunantimbunan
7004,timelinenya
7005,times
7006,timing
7007,timklub
7008,timnas
7009,timnya
7010,timpal
7011,timtim
7012,timur
7013,tindak
7014,tindakan
7015,tinggal
7016,tinggi
7017,tingginya
7018,tingkat
7019,tingkatkan
7020,tinju
7021,tioc
7022,tip
7023,tipis
7024,titel
7025,titelnya
7026,titf
7027,titik
7028,titiktitik
7029,tjen
7030,tka
7031,tkd
7032,tlkm
7033,tlt
7034,tmall
7035,tms
7036,tni
7037,tnt
7038,to
7039,tod
7040,todo
7041,todotua
7042,toiran
7043,tokoh
7044,tokopedia
7045,tol
7046,tolak
7047,tolok
7048,ton
7049,tonggak
7050,tonton
7051,top
7052,torehan
7053,total
7054,totalnya
7055,tour
7056,tourism
7057,tournament
7058,tower
7059,tp
7060,trackhouse
7061,tractors
7062,trade
7063,trader
7064,trading
7065,tradingnya
7066,tradisi
7067,tradisional
7068,trail
7069,training
7070,trans
7071,transaksi
7072,transaksinya
7073,transfer
7074,transformasi
7075,transisi
7076,transit
7077,transparan
7078,transportasi
7079,transportation
7080,travel
7081,treatment
7082,trek
7083,tren
7084,trending
7085,trianggo
7086,trias
7087,triathle
7088,triathlon
7089,tribowo
7090,trijaya
7091,triliun
7092,trimitra
7093,triple
7094,trisakti
7095,trisep
7096,trismuwantara
7097,trismuwantarakareem
7098,triwatty
7099,trofi
7100,troy
7101,truk
7102,trump
7103,trusted
7104,try
7105,tsunami
7106,tsunoda
7107,tua
7108,tuan
7109,tubuh
7110,tubuhnya
7111,tugas
7112,tuh
7113,tuhan
7114,tujuan
7115,tujuantujuan
7116,tujuh
7117,tukar
7118,tulang
7119,tulis
7120,tulisan
7121,tumbang
7122,tumbler
7123,tumbuh
7124,tumpuan
7125,tuna
7126,tunai
7127,tunarungu
7128,tunggal
7129,tunggangan
7130,tunggu
7131,tuntutan
7132,turino
7133,turkey
7134,turnamen
7135,turun
7136,turunkan
7137,turut
7138,tutup
7139,tutupnya
7140,tutur
7141,tuturnya
7142,tv
7143,tzu
7144,uang
7145,uangnya
7146,ubah
7147,ubaidillah
7148,ucap
7149,ucapnya
7150,udara
7151,ufc
7152,uht
7153,ujar
7154,ujarnya
7155,uji
7156,ujian
7157,ukur
7158,ukuran
7159,ulah
7160,ulang
7161,ulas
7162,ulasan
7163,ulasannya
7164,ulfo
7165,ultah
7166,ultimately
7167,ululani
7168,uluwatu
7169,umar
7170,umkm
7171,umrah
7172,umum
7173,umumnya
7174,undangundang
7175,under
7176,underinvoicing
7177,undian
7178,unggahan
7179,unggul
7180,unggulan
7181,ungkap
7182,ungkapnya
7183,ungkit
7184,unik
7185,unit
7186,united
7187,unitunit
7188,universitas
7189,unj
7190,unsur
7191,untr
7192,untu
7193,untui
7194,untuk
7195,untungnya
7196,up
7197,upacara
7198,upah
7199,upaya
7200,update
7201,upgrade
7202,upi
7203,upper
7204,uppercut
7205,urban
7206,urung
7207,urus
7208,urusan
7209,urutan
7210,us
7211,usa
7212,usah
7213,usaha
7214,usahakan
7215,usahanya
7216,usahausaha
7217,usai
7218,usd
7219,usia
7220,usul
7221,usulan
7222,usulannya
7223,usulkan
7224,usus
7225,utama
7226,utamanya
7227,utang
7228,utara
7229,utilitas
7230,uu
7231,validasi
7232,valtteri
7233,valuenya
7234,van
7235,variabel
7236,variatif
7237,veda
7238,veddriq
7239,vehicle
7240,vendornya
7241,veneu
7242,venue
7243,verifikasi
7244,verstappen
7245,vertical
7246,vestegaard
7247,vestergaard
7248,vgf
7249,vi
7250,via
7251,viability
7252,video
7253,vii
7254,villa
7255,village
7256,vincent
7257,vino
7258,violina
7259,vip
7260,viral
7261,virgin
7262,virtual
7263,visa
7264,vision
7265,visionary
7266,visitasi
7267,vitas
7268,volatil
7269,volatilitas
7270,voli
7271,volleyball
7272,volume
7273,voucher
7274,vp
7275,vr
7276,vs
7277,vulkanik
7278,vysgub
7279,wadah
7280,wadoux
7281,wahid
7282,wahyudi
7283,wajah
7284,wajar
7285,wajib
7286,waketum
7287,wakil
7288,wakilnya
7289,waktu
7290,waktunya
7291,walau
7292,walaupun
7293,waled
7294,wali
7295,wang
7296,wanita
7297,wardani
7298,warehouse
7299,warga
7300,warisan
7301,warm
7302,warnai
7303,warner
7304,warning
7305,warokka
7306,wartawan
7307,warung
7308,wasit
7309,waspada
7310,waspadai
7311,water
7312,watimena
7313,wave
7314,wawancara
7315,wea
7316,wearable
7317,wec
7318,wee
7319,wei
7320,weight
7321,wellness
7322,west
7323,whatsapp
7324,white
7325,whites
7326,whoosh
7327,wib
7328,wibowo
7329,widianto
7330,widyasanti
7331,wiguna
7332,wilayah
7333,wilayahnya
7334,wild
7335,williams
7336,wilopo
7337,window
7338,wiryawan
7339,wisata
7340,wisatawan
7341,wisesa
7342,wisma
7343,wita
7344,wizz
7345,wms
7346,women
7347,womens
7348,won
7349,wong
7350,wonotiro
7351,wonotirto
7352,work
7353,workshop
7354,workstation
7355,world
7356,worldwide
7357,wrt
7358,wti
7359,wujud
7360,wuni
7361,wyne
7362,xi
7363,xiaoqiao
7364,xii
7365,xing
7366,xxi
7367,xxii
7368,xzavierro
7369,ya
7370,yadong
7371,yaitu
7372,yakin
7373,yakni
7374,yakovlevmokhammad
7375,yan
7376,yana
7377,yang
7378,yansyah
7379,yassierli
7380,yaya
7381,year
7382,yellow
7383,yen
7384,yerusalem
7385,yield
7386,yiwu
7387,yoga
7388,yogyakarta
7389,yogyakartabanyurejo
7390,yogyakartass
7391,yohan
7392,yon
7393,yonga
7394,yoppy
7395,yos
7396,youth
7397,youtube
7398,yoy
7399,yuan
7400,yudha
7401,yudhi
7402,yudiana
7403,yugiastomo
7404,yuk
7405,yuki
7406,yuliyanti
7407,yunyun
7408,yuridiksi
7409,yusrian
7410,yusuf
7411,zaki
7412,zaman
7413,zapp
7414,zein
7415,zeinatma
7416,zenix
7417,zhang
7418,zigmars
7419,zona
7420,zoom
7421,zulfikar
7422,zulfikri
7423,zulhas
7424,zulkifli
